pc,var_explained_pct,cum_var_pct,pos_term,pos_library,pos_adj_p,neg_term,neg_library,neg_adj_p,best_continuous_var,best_continuous_rho,best_categorical_var,best_categorical_eta2
1,31.109592000000003,31.109592000000003,MYC 22102868 ChIP-Seq CA46 Human Blood BurkittsLymphoma,ChEA_2022,5.761778478559129e-26,Innate Immune System R-HSA-168249,Reactome_2022,3.07811431278773e-15,SMTSISCH,0.3743975031416784,SMNABTCH,0.195116984433857
2,20.21044,51.32003400000001,SPI1 23547873 ChIP-Seq NB4 Human,ChEA_2022,4.5193040277080726e-17,Cellular Responses To Stimuli R-HSA-8953897,Reactome_2022,8.397648759616635e-13,DTHHRDY,0.6640011826269874,SMGEBTCH,0.204429892389177
3,9.455450599999999,60.77548,CREM 20920259 ChIP-Seq GC1-SPG Mouse,ChEA_2022,2.6254826254340857e-35,JARID1A 20064375 ChIP-Seq MESCs Mouse,ChEA_2022,1.3027550221000126e-25,SMTSISCH,0.2944717143106499,SMNABTCH,0.2260165028973598
4,5.736607,66.51209,Mitochondrial Inner Membrane (GO:0005743),GO_Cellular_Component_2023,1.290509509957847e-33,TCF7 22412390 ChIP-Seq EML Mouse,ChEA_2022,4.7482850176160644e-18,SMTSISCH,0.0792305255000531,SMNABTCH,0.1814634277837543
5,3.0038012,69.51589,Hypoxia,MSigDB_Hallmark_2020,4.131080323003568e-14,heme Metabolism,MSigDB_Hallmark_2020,5.791225337153221e-11,SMTSISCH,0.152393740524405,SMNABTCH,0.1036210420572735
6,2.143147,71.659034,heme Metabolism,MSigDB_Hallmark_2020,8.567883271599128e-10,Eukaryotic Translation Elongation R-HSA-156842,Reactome_2022,1.0540380655435371e-40,SMRIN,0.1352312450492301,SMNABTCH,0.2296578314336326
7,1.6563846,73.31542,GATA3 27048872 Chip-Seq THYMUS Human,ChEA_2022,0.0026578051604885,CREB1 23762244 ChIP-Seq HIPPOCAMPUS Rat,ChEA_2022,5.183718702358762e-06,SMRIN,0.0520008343064204,SMNABTCH,0.1799198087527271
8,1.4018694999999999,74.71729,IRF8 27001747 Chip-Seq BMDM Mouse,ChEA_2022,3.0401049889472e-12,Cell Cycle R-HSA-1640170,Reactome_2022,8.341847312579845e-48,AGE_mid,0.1158249440941046,SMNABTCH,0.1071649515325739
9,1.1562874,75.87357999999999,E2F1 human,TRRUST_Transcription_Factors_2019,0.0001142229817868,HSF1 23293686 ChIP-Seq STHDH STRIATAL Mouse,ChEA_2022,2.725363189606523e-07,SMRIN,0.054552202673463,SMNABTCH,0.1547342865396749
10,1.0568278,76.930404,Immune System R-HSA-168256,Reactome_2022,2.467158889914984e-18,Collagen-Containing Extracellular Matrix (GO:0062023),GO_Cellular_Component_2023,2.812922418473717e-05,SMRIN,0.0427680159531303,SMNABTCH,0.1681625459584612
11,0.9228494,77.85325,Extrafollicular And Follicular B Cell Activation By SARS CoV 2 WP5218,WikiPathway_2023_Human,2.6553359129854084e-09,SPI1 23547873 ChIP-Seq NB4 Human,ChEA_2022,1.1877741439021821e-09,AGE_mid,0.1180071465355022,SMNABTCH,0.1524092457562049
12,0.767302,78.620553,SOX2 20726797 ChIP-Seq SW620 Human,ChEA_2022,5.701854221145996e-12,KDM2B 26808549 Chip-Seq SUP-B15 Human,ChEA_2022,1.2079404370789057e-07,SMRIN,0.1184972162753043,SMNABTCH,0.1131714578240178
13,0.7044781,79.32503,EGR1 20690147 ChIP-Seq ERYTHROLEUKEMIA Human,ChEA_2022,6.868204161081144e-08,Interferon Alpha Response,MSigDB_Hallmark_2020,7.950194985249831e-21,SMRIN,0.0987444250947525,SMNABTCH,0.1529207964267147
14,0.60705408,79.93209,Interferon Gamma Response,MSigDB_Hallmark_2020,3.657436366720792e-58,"Platelet Activation, Signaling And Aggregation R-HSA-76002",Reactome_2022,4.203996711931309e-08,SMTSISCH,0.0850262599907705,SMNABTCH,0.1658688554982588
15,0.57236357,80.504453,TNF-alpha Signaling via NF-kB,MSigDB_Hallmark_2020,5.287337107008398e-07,heme Metabolism,MSigDB_Hallmark_2020,3.5265319830518265e-14,AGE_mid,0.1193590907413314,SMNABTCH,0.2547177811166957
16,0.5120971999999999,81.01655,Myogenesis,MSigDB_Hallmark_2020,6.664776556723301e-08,MYC 19030024 ChIP-ChIP MESCs Mouse,ChEA_2022,7.461244251250775e-08,DTHHRDY,0.0353796654720733,SMNABTCH,0.203275593832312
17,0.47454713,81.4911,CREM 20920259 ChIP-Seq GC1-SPG Mouse,ChEA_2022,8.890735274741643e-25,Interferon Gamma Response,MSigDB_Hallmark_2020,7.604061725786794e-47,SMRIN,0.1134754210549227,SMNABTCH,0.2291988128223485
18,0.42092989999999997,81.91203,Hemostasis R-HSA-109582,Reactome_2022,7.20976301411154e-11,B Cell Receptor Signaling Pathway (GO:0050853),GO_Biological_Process_2023,1.7426013920805668e-11,SMRIN,0.1350364124817124,SMNABTCH,0.1518244358829214
19,0.40225143999999996,82.31428,Metabolism R-HSA-1430728,Reactome_2022,6.724850020156086e-14,Hemostasis R-HSA-109582,Reactome_2022,2.398967554682294e-13,SMRIN,0.1200356617332872,SMNABTCH,0.1719137458403253
20,0.39399112999999997,82.708275,B Cell Receptor Signaling Pathway (GO:0050853),GO_Biological_Process_2023,6.434223178231771e-20,GATA2 19941826 ChIP-Seq K562 Human,ChEA_2022,6.085533312134782e-11,AGE_mid,0.0652009667783252,SMNABTCH,0.2669631641473588
21,0.35869277,83.06697,RXR 22158963 ChIP-Seq LIVER Mouse,ChEA_2022,2.6281954325572222e-19,VDR 24763502 ChIP-Seq THP-1 Human,ChEA_2022,0.0003524361531974,SMRIN,0.0781002566511668,SMNABTCH,0.2830934287909233
22,0.34185129000000003,83.40881999999999,Interferon Alpha Response,MSigDB_Hallmark_2020,1.9026169783559493e-42,OLIG2 26023283 ChIP-Seq AINV15 Mouse,ChEA_2022,2.503950552682652e-05,SMRIN,0.0720151689854002,SMNABTCH,0.1758484548192851
23,0.32572525,83.73455,Hemostasis R-HSA-109582,Reactome_2022,1.1359243243571349e-11,Interferon Alpha Response,MSigDB_Hallmark_2020,6.97876342398779e-24,SMTSISCH,0.0991686847875047,SMNABTCH,0.1565749235465821
24,0.29527599,84.02982399999999,KDM2B 26808549 Chip-Seq HPB-ALL Human,ChEA_2022,6.385371045851955e-16,Interferon Alpha Response,MSigDB_Hallmark_2020,5.504313951619101e-32,SMRIN,0.0898714073690058,SMNABTCH,0.2099164300498364
25,0.27743368,84.30726,Neutrophil Degranulation R-HSA-6798695,Reactome_2022,1.4325156745731085e-07,RUNX2 24655370 ChIP-Seq MC3T3E1 Mouse Bone,ChEA_2022,2.1882077679192925e-07,SMRIN,0.1709453339199525,SMNABTCH,0.1997068578927353
26,0.2715919,84.578854,B Cell Receptor Signaling Pathway (GO:0050853),GO_Biological_Process_2023,5.047493429545654e-13,Glycolytic Process (GO:0006096),GO_Biological_Process_2023,1.0560383723665657e-08,AGE_mid,0.0880614492932286,SMNABTCH,0.1871582697164205
27,0.24620541,84.825057,Myogenesis,MSigDB_Hallmark_2020,7.3926650381007814e-09,Interferon Gamma Response,MSigDB_Hallmark_2020,3.2330286339870824e-05,SMRIN,0.0370477391934456,SMNABTCH,0.167796140373797
28,0.24267824,85.06774,STAT6 20620947 ChIP-Seq CD4 POS T Human,ChEA_2022,8.600581260804622e-07,B Cell Receptor Signaling Pathway (GO:0050853),GO_Biological_Process_2023,2.9249159010851733e-08,SMRIN,0.0511416063306749,SMNABTCH,0.1731921543935376
29,0.22599855000000002,85.293734,Interferon Alpha Response,MSigDB_Hallmark_2020,1.0504392349535422e-53,Oxidoreduction-Driven Active Transmembrane Transporter Activity (GO:0015453),GO_Molecular_Function_2023,2.9176965715606745e-08,SMRDLGTH,0.0553183370244611,SMNABTCH,0.2113321112298342
30,0.21879855,85.51253,CD22 Mediated BCR Regulation R-HSA-5690714,Reactome_2022,5.9466938579690025e-05,T Cell Receptor Complex (GO:0042101),GO_Cellular_Component_2023,3.567886214580432e-06,SMRDLGTH,0.0544057353027389,SMNABTCH,0.1407170550730368
31,0.20718646999999998,85.71971699999999,Immunoregulatory Interactions Between A Lymphoid And A non-Lymphoid Cell R-HSA-198933,Reactome_2022,2.085697249159535e-05,Axon Guidance R-HSA-422475,Reactome_2022,0.0124184769477839,AGE_mid,0.0800288872407416,SMNABTCH,0.1358776214534829
32,0.20060836999999998,85.92031999999999,Myogenesis,MSigDB_Hallmark_2020,6.493192044686945e-11,"Cell Cycle, Mitotic R-HSA-69278",Reactome_2022,1.0768369889489322e-05,SMTSISCH,0.0519639471164001,SMGEBTCH,0.2567881102176345
33,0.18674486,86.10707,B Cell Receptor Signaling Pathway (GO:0050853),GO_Biological_Process_2023,2.1696551995791375e-05,Metabolism Of Amino Acids And Derivatives R-HSA-71291,Reactome_2022,2.2302884187990798e-13,SMRDLGTH,0.0469460222385539,SMNABTCH,0.2404526604607092
34,0.17801345,86.285084,heme Metabolism,MSigDB_Hallmark_2020,0.007790683972884,Skeletal Muscle Contraction (GO:0003009),GO_Biological_Process_2023,0.0010927027535059,AGE_mid,0.0366891953745239,SMNABTCH,0.2619743222674095
35,0.17158091,86.45667,heme Metabolism,MSigDB_Hallmark_2020,8.4669589360736665e-19,Striated Muscle Contraction (GO:0006941),GO_Biological_Process_2023,3.3264681091065657e-10,DTHHRDY,0.0454425743453492,SMNABTCH,0.1802359243711655
36,0.17102308,86.62769,Endodermal Cell Differentiation (GO:0035987),GO_Biological_Process_2023,0.0168865542512163,Interferon Alpha Response,MSigDB_Hallmark_2020,0.0176639895274253,DTHHRDY,0.0501596751246569,SMNABTCH,0.1897503510083929
37,0.15501676,86.782706,Striated Muscle Contraction (GO:0006941),GO_Biological_Process_2023,3.5352279389990565e-10,heme Metabolism,MSigDB_Hallmark_2020,3.57334743756467e-05,SMRIN,0.1180901891333891,SMGEBTCH,0.2133230530824789
38,0.15123796,86.933947,Myogenesis,MSigDB_Hallmark_2020,4.50636754148757e-13,Antigen processing and presentation,KEGG_2021_Human,0.0027663183446602,SMRDLGTH,0.0670086751574179,SMNABTCH,0.1608608941931922
39,0.14166789999999999,87.075615,heme Metabolism,MSigDB_Hallmark_2020,5.729315404528105e-09,heme Metabolism,MSigDB_Hallmark_2020,7.177451676471247e-08,SMRIN,0.0601548306704297,SMGEBTCH,0.2177839604669777
40,0.13901385,87.21463,Striated Muscle Contraction (GO:0006941),GO_Biological_Process_2023,1.5201236987823995e-11,Interferon Alpha Response,MSigDB_Hallmark_2020,0.0002112726107274,SMRIN,0.0675904087617849,SMNABTCH,0.2248961686755859
41,0.13705768,87.351686,Hematopoietic cell lineage,KEGG_2021_Human,7.597015883424131e-07,Striated Muscle Contraction (GO:0006941),GO_Biological_Process_2023,5.616654193964805e-06,SMTSISCH,0.0448381739325624,SMNABTCH,0.1687308986735446
42,0.1325534,87.48424,Interferon Alpha Response,MSigDB_Hallmark_2020,1.8869523280241063e-06,heme Metabolism,MSigDB_Hallmark_2020,2.903916018324443e-15,AGE_mid,0.0508576617021717,SMNABTCH,0.1463480962363974
43,0.1266686,87.610906,IL-2/STAT5 Signaling,MSigDB_Hallmark_2020,0.0038003336453092,Myogenesis,MSigDB_Hallmark_2020,6.142208690920083e-11,SMRDLGTH,0.0774443778303623,SMNABTCH,0.1983951868183616
44,0.12254535,87.733454,heme Metabolism,MSigDB_Hallmark_2020,6.308652260691361e-07,Striated Muscle Contraction (GO:0006941),GO_Biological_Process_2023,5.047881132646281e-10,DTHHRDY,0.0731535286386955,SMNABTCH,0.1968927371828477
45,0.12194628,87.85539999999999,Attenuation Phase R-HSA-3371568,Reactome_2022,3.3481552328383007e-15,Huntington disease,KEGG_2021_Human,6.967693475720098e-10,AGE_mid,0.0264918581499849,SMNABTCH,0.2431721631193231
46,0.11547753,87.970877,Spliceosome,KEGG_2021_Human,0.0039699303333571,Interferon Alpha Response,MSigDB_Hallmark_2020,0.0018385660896796,AGE_mid,0.1213310940591035,SMNABTCH,0.1720211081808311
47,0.11411423000000001,88.08498999999999,Interferon Gamma Response,MSigDB_Hallmark_2020,0.007410650608353,PARP1 human,TRRUST_Transcription_Factors_2019,0.0079931102244891,AGE_mid,0.0915907061883101,SMGEBTCH,0.1847480405896459
48,0.11103513,88.19603000000001,Striated Muscle Contraction (GO:0006941),GO_Biological_Process_2023,1.598770157699449e-11,Receptor-Mediated Endocytosis Of Virus By Host Cell (GO:0019065),GO_Biological_Process_2023,0.1101323894271201,SMRIN,0.0709969110575264,SMNABTCH,0.1899555929054159
49,0.10564892,88.301677,Striated Muscle Contraction (GO:0006941),GO_Biological_Process_2023,1.3799418355465146e-08,KLF4 human,TRRUST_Transcription_Factors_2019,0.0067338038790907,SMTSISCH,0.0724782002893056,SMNABTCH,0.2919374729282108
50,0.10237346000000001,88.40405,Response To Unfolded Protein (GO:0006986),GO_Biological_Process_2023,0.0003325869654283,Glomerular Filtration (GO:0003094),GO_Biological_Process_2023,0.0069862508369302,SMRDLGTH,0.0623344699439254,SEX,0.220211726868687
51,0.09769612,88.501745,TNF-alpha Signaling via NF-kB,MSigDB_Hallmark_2020,0.0002275598741969,Cyclin D Associated Events In G1 R-HSA-69231,Reactome_2022,0.0003147068490892,SMTSISCH,0.0824583727393395,SMNABTCH,0.1305768989814512
52,0.09717672,88.598925,GATA1 human,TRRUST_Transcription_Factors_2019,0.0024884201770932,TNF-alpha Signaling via NF-kB,MSigDB_Hallmark_2020,6.161939417419469e-07,AGE_mid,0.0599358237842122,SMNABTCH,0.1864928805031515
53,0.095064344,88.69399,heme Metabolism,MSigDB_Hallmark_2020,4.0761845192800455e-06,Myogenesis,MSigDB_Hallmark_2020,3.1479489330926854e-05,AGE_mid,0.0781203061761646,SMNABTCH,0.2362799333676342
54,0.090024195,88.78401500000001,TNF-alpha Signaling via NF-kB,MSigDB_Hallmark_2020,4.658496593462909e-06,heme Metabolism,MSigDB_Hallmark_2020,0.0014532398861577,SMRIN,0.0772461085411617,SMNABTCH,0.222101658521501
55,0.087061874,88.87108,IL-2/STAT5 Signaling,MSigDB_Hallmark_2020,0.1177543299419293,Glomerular Filtration (GO:0003094),GO_Biological_Process_2023,0.0073689758827795,SMRDLGTH,0.0736581005357336,SMNABTCH,0.2204373200018441
56,0.08658046999999999,88.95766,Immune System R-HSA-168256,Reactome_2022,0.0006681292481187,Epithelial Mesenchymal Transition,MSigDB_Hallmark_2020,0.001557042735169,AGE_mid,0.0702707846485651,SMGEBTCH,0.1960828508300293
57,0.084476423,89.04214,TNF-alpha Signaling via NF-kB,MSigDB_Hallmark_2020,0.007790683972884,STAT4 human,TRRUST_Transcription_Factors_2019,0.0266572731815843,SMTSISCH,0.0640945300265493,SMNABTCH,0.1546592739131272
58,0.081131916,89.12327,B Cell Receptor Signaling Pathway (GO:0050853),GO_Biological_Process_2023,0.0003958122546765,TFAP2A mouse,TRRUST_Transcription_Factors_2019,0.0162757501193484,SMRDLGTH,0.0575012557786789,SMNABTCH,0.2151482887627034
59,0.07916213999999999,89.202434,Epithelial Mesenchymal Transition,MSigDB_Hallmark_2020,0.0002389378679068,Hypoxia,MSigDB_Hallmark_2020,0.0013494370371465,AGE_mid,0.0668577617385927,SMNABTCH,0.2437188791045636
60,0.07775639,89.28019,heme Metabolism,MSigDB_Hallmark_2020,0.0079807006551494,DNA Repair,MSigDB_Hallmark_2020,0.0186811122086918,SMRIN,0.0278595842259232,SMNABTCH,0.2076046394740232
61,0.076960534,89.35714999999999,TNF-alpha Signaling via NF-kB,MSigDB_Hallmark_2020,4.425571763789763e-06,Epithelial Mesenchymal Transition,MSigDB_Hallmark_2020,7.023031786195741e-09,SMTSISCH,0.0661638018331795,SMNABTCH,0.181425451633043
62,0.075302937,89.43245399999999,ECM-receptor interaction,KEGG_2021_Human,0.0055053542317874,Response Of EIF2AK4 (GCN2) To Amino Acid Deficiency R-HSA-9633012,Reactome_2022,0.0003436122254833,SMRDLGTH,0.0656962481680439,SMNABTCH,0.1894390535440345
63,0.073137536,89.50559,Interferon Gamma Response,MSigDB_Hallmark_2020,6.161939417419469e-07,Interferon Alpha Response,MSigDB_Hallmark_2020,5.734321584504753e-10,SMTSISCH,0.098065791818445,SMNABTCH,0.1607395098502659
64,0.07176153,89.577353,Receptor-Mediated Endocytosis (GO:0006898),GO_Biological_Process_2023,5.397911677789072e-06,TNF-alpha Signaling via NF-kB,MSigDB_Hallmark_2020,0.0014186389364873,AGE_mid,0.0482848933190992,SMNABTCH,0.1316904408670672
65,0.069854426,89.64721,Cilium Assembly (GO:0060271),GO_Biological_Process_2023,0.0012859799067171,Metallothioneins Bind Metals R-HSA-5661231,Reactome_2022,2.8874546504259945e-05,AGE_mid,0.0798097396298157,SMNABTCH,0.1507082731839644
66,0.06814924,89.71536,SRF mouse,TRRUST_Transcription_Factors_2019,0.0001026320652409,TNF-alpha Signaling via NF-kB,MSigDB_Hallmark_2020,6.015226574147577e-07,SMTSISCH,0.0345588676370626,SMNABTCH,0.1166003745072857
67,0.0649493,89.78031,Interferon Alpha Response,MSigDB_Hallmark_2020,5.633069669871428e-18,Interferon Gamma Response,MSigDB_Hallmark_2020,4.542034178626336e-06,AGE_mid,0.0839023778693627,SMGEBTCH,0.1056026085962567
68,0.06445094999999999,89.844763,Negative Regulation Of I-kappaB kinase/NF-kappaB Signaling (GO:0043124),GO_Biological_Process_2023,0.0736752767747165,Attenuation Phase R-HSA-3371568,Reactome_2022,0.0001077356713427,AGE_mid,0.1331835882973786,SMNABTCH,0.1762524348855136
69,0.06416568,89.90893,TNF-alpha Signaling via NF-kB,MSigDB_Hallmark_2020,0.0120069161638434,Lysosome,KEGG_2021_Human,0.0071355992463318,SMRIN,0.0464889016292935,SMNABTCH,0.2190102611897981
70,0.062637025,89.971566,p53 Pathway,MSigDB_Hallmark_2020,0.0081707173374149,KRAS Signaling Up,MSigDB_Hallmark_2020,0.0354941131965145,SMRIN,0.0554282939478078,SMNABTCH,0.2354245926953699
71,0.06125304,90.03282,SP1 human,TRRUST_Transcription_Factors_2019,0.0010826272928352,Interferon Alpha Response,MSigDB_Hallmark_2020,8.763771333118118e-09,SMRDLGTH,0.0440856156885178,SMNABTCH,0.1508560571834783
72,0.059624086,90.092444,TNF-alpha Signaling via NF-kB,MSigDB_Hallmark_2020,4.774959008299482e-06,Response To Prostaglandin E (GO:0034695),GO_Biological_Process_2023,0.0027800009137579,AGE_mid,0.0358841446543254,SMGEBTCH,0.1607099736027369
73,0.058466644000000005,90.15091,Regulation Of Small GTPase Mediated Signal Transduction (GO:0051056),GO_Biological_Process_2023,0.0329175152837923,Apelin signaling pathway,KEGG_2021_Human,0.0021054319605628,SMTSISCH,0.0112253532411464,SMNABTCH,0.1989398705540849
74,0.056702446,90.20761,Striated Muscle Contraction (GO:0006941),GO_Biological_Process_2023,0.0001168577096514,Epithelial Mesenchymal Transition,MSigDB_Hallmark_2020,0.0002332488710519,SMRDLGTH,0.0660993632760769,SMNABTCH,0.2277790392095222
75,0.055077589999999996,90.26269,Intermediate Filament Organization (GO:0045109),GO_Biological_Process_2023,0.0062405903368472,Integrin Cell Surface Interactions R-HSA-216083,Reactome_2022,0.0008728456654185,DTHHRDY,0.028846409055958,SMNABTCH,0.1421858054898391
76,0.054668676,90.317357,TNF-alpha Signaling via NF-kB,MSigDB_Hallmark_2020,0.003895341986442,Regulation Of Angiogenesis (GO:0045765),GO_Biological_Process_2023,0.0569589227204872,SMRDLGTH,0.0558304555104551,SMNABTCH,0.1216914552954852
77,0.05435905,90.371716,Epithelial Mesenchymal Transition,MSigDB_Hallmark_2020,0.0364281688069491,Interferon Alpha Response,MSigDB_Hallmark_2020,1.355558637105695e-07,SMRIN,0.0791611947295533,SMNABTCH,0.1843143576598739
78,0.053510244,90.42523,TNF-alpha Signaling via NF-kB,MSigDB_Hallmark_2020,0.0026602335517164,Response To Estrogen (GO:0043627),GO_Biological_Process_2023,0.0314839961130904,SMRDLGTH,0.0532987040144927,SMNABTCH,0.192152712825794
79,0.05298619,90.47822,"Respiratory Electron Transport, ATP Synthesis By Chemiosmotic Coupling, Heat Production By Uncoupling Proteins R-HSA-163200",Reactome_2022,0.0009930534699494,Steroid biosynthesis,KEGG_2021_Human,5.918468460258774e-06,DTHHRDY,0.0818020663082454,SMNABTCH,0.3147221302038445
80,0.052466296,90.53067999999999,Epithelial Mesenchymal Transition,MSigDB_Hallmark_2020,2.977789531303892e-05,Nectin/Necl Trans Heterodimerization R-HSA-420597,Reactome_2022,0.0161005292564389,AGE_mid,0.0440773459041376,SMNABTCH,0.2331336553067213
81,0.050776695999999996,90.58146,Estrogen Response Late,MSigDB_Hallmark_2020,0.0076006672906185,RELA human,TRRUST_Transcription_Factors_2019,0.0007538762236605,SMRDLGTH,0.0857944313630239,SMNABTCH,0.1653954077500059
82,0.0488075,90.63027,mTORC1 Signaling,MSigDB_Hallmark_2020,0.0013148360874761,Epithelial Mesenchymal Transition,MSigDB_Hallmark_2020,0.0317578907547761,SMRDLGTH,0.070245878092438,SMNABTCH,0.1973904384360854
83,0.048700414000000004,90.67897,Signaling By FGFR1 R-HSA-5654736,Reactome_2022,0.0933798273845086,Interferon Gamma Response,MSigDB_Hallmark_2020,0.0002446268647617,DTHHRDY,0.0295669861168463,SMNABTCH,0.2077399621276457
84,0.04759823,90.72657,Phospholipase D signaling pathway,KEGG_2021_Human,0.0134243052877398,STAT6 mouse,TRRUST_Transcription_Factors_2019,0.0711596030543306,AGE_mid,0.0482122937478384,SMNABTCH,0.2176083083824447
85,0.04740853,90.77398,Herpes simplex virus 1 infection,KEGG_2021_Human,0.0247701696987463,heme Metabolism,MSigDB_Hallmark_2020,0.0364281688069491,DTHHRDY,0.0526296402847432,SMNABTCH,0.1944599311702717
86,0.046762064,90.82074,Myogenesis,MSigDB_Hallmark_2020,0.0392303356382529,TNF-alpha Signaling via NF-kB,MSigDB_Hallmark_2020,6.664776556723301e-08,SMRDLGTH,0.0355336756178016,SMNABTCH,0.1945712997652778
87,0.04643344,90.86717399999999,Epithelial Mesenchymal Transition,MSigDB_Hallmark_2020,0.0014878408358282,heme Metabolism,MSigDB_Hallmark_2020,0.0013494370371465,SMRDLGTH,0.0452090961786696,SMNABTCH,0.1387211332086593
88,0.045794665,90.91297,Cholesterol Homeostasis,MSigDB_Hallmark_2020,0.0003952965259027,Myogenesis,MSigDB_Hallmark_2020,0.0076006672906185,SMRIN,0.0439783809497798,SMNABTCH,0.1809053704117343
89,0.045336818,90.958303,Hypoxia,MSigDB_Hallmark_2020,0.0072206339260876,heme Metabolism,MSigDB_Hallmark_2020,2.892709830409495e-05,SMTSISCH,0.0406886732950827,SMNABTCH,0.2259617655497087
90,0.044566527,91.00287,Glycerophospholipid Catabolism R-HSA-6814848,Reactome_2022,0.0168034629661795,JUND human,TRRUST_Transcription_Factors_2019,0.0334293845002245,SMRDLGTH,0.0518535867964136,SMNABTCH,0.1496285392213646
91,0.043765173000000004,91.04664,Cholesterol Biosynthesis R-HSA-191273,Reactome_2022,0.0026052492065274,NR1H4 human,TRRUST_Transcription_Factors_2019,0.0777660369319157,AGE_mid,0.0672447386503679,SMNABTCH,0.2064336805001138
92,0.04329207,91.08993,RFXANK human,TRRUST_Transcription_Factors_2019,0.0225597073314398,TNF-alpha Signaling via NF-kB,MSigDB_Hallmark_2020,4.774959008299482e-06,SMRIN,0.0500147227805992,SMNABTCH,0.1586658734518294
93,0.042580822,91.13251,Smooth Muscle Contraction R-HSA-445355,Reactome_2022,0.0001088422567433,CEBPA human,TRRUST_Transcription_Factors_2019,0.0159939175869952,AGE_mid,0.0876020173348866,SMNABTCH,0.1395597159528957
94,0.042059269999999996,91.174567,KRAS Signaling Up,MSigDB_Hallmark_2020,0.0014186389364873,Negative Regulation Of B Cell Proliferation (GO:0030889),GO_Biological_Process_2023,0.1239201940121429,SMRIN,0.0637771692708028,SMNABTCH,0.2274528009511037
95,0.041655797,91.216224,Cholesterol Homeostasis,MSigDB_Hallmark_2020,0.0026217843338191,TRERF1 human,TRRUST_Transcription_Factors_2019,0.0037824528190802,DTHHRDY,0.0416666572940295,SMNABTCH,0.1799329118069295
96,0.041140048,91.257364,Complement,MSigDB_Hallmark_2020,0.0031352752573801,HOXB7 human,TRRUST_Transcription_Factors_2019,0.0165002432244429,AGE_mid,0.060099220994447,SMNABTCH,0.1875399863050305
97,0.040765657,91.29813,Apoptosis,MSigDB_Hallmark_2020,0.0086274193869553,Herpes simplex virus 1 infection,KEGG_2021_Human,2.362741808008581e-07,SMRDLGTH,0.0458670642548932,SMNABTCH,0.1677787663241127
98,0.040166376999999996,91.338295,TNFs Bind Their Physiological Receptors R-HSA-5669034,Reactome_2022,0.0045994135313974,mTORC1 Signaling,MSigDB_Hallmark_2020,0.0014878408358282,SMRDLGTH,0.0735991027315655,SMNABTCH,0.2061623332777808
99,0.03963274,91.377926,TNF-alpha Signaling via NF-kB,MSigDB_Hallmark_2020,0.0002048038867772,Sarcomere Organization (GO:0045214),GO_Biological_Process_2023,0.0120235173931885,SMRIN,0.0276894551150882,SMNABTCH,0.1488073635413918
100,0.038527796,91.416454,Herpes simplex virus 1 infection,KEGG_2021_Human,0.0005213811072547,TNF-alpha Signaling via NF-kB,MSigDB_Hallmark_2020,0.0012802351378056,SMRDLGTH,0.06235980171486,SMNABTCH,0.2907843966940323
101,0.038123425,91.45457999999999,Myogenesis,MSigDB_Hallmark_2020,0.0326919463652107,RELA human,TRRUST_Transcription_Factors_2019,2.634795921303361e-07,SMRIN,0.0496462701442834,SMNABTCH,0.1635830427529779
102,0.03743544,91.49201500000001,NR1H2 And NR1H3-mediated Signaling R-HSA-9024446,Reactome_2022,0.0427973479028149,Cholesterol Homeostasis,MSigDB_Hallmark_2020,0.0041015458383899,AGE_mid,0.083798982494566,SMNABTCH,0.1601371245656934
103,0.037343564,91.52936,HIVEP2 human,TRRUST_Transcription_Factors_2019,2.3643481603973143e-05,IL-2/STAT5 Signaling,MSigDB_Hallmark_2020,3.388293571110212e-05,SMRDLGTH,0.0686749793104541,SMNABTCH,0.156230119363524
104,0.037093204,91.56645,Signaling By MST1 R-HSA-8852405,Reactome_2022,0.1224063628260578,STAT4 human,TRRUST_Transcription_Factors_2019,0.0209887725625118,AGE_mid,0.0612289343958794,SMNABTCH,0.1634331070685588
105,0.036443249999999996,91.60289,Striated Muscle Contraction (GO:0006941),GO_Biological_Process_2023,3.080243994064074e-07,Protein Localization To Membrane (GO:0072657),GO_Biological_Process_2023,0.0312910916836057,SMRDLGTH,0.0420938366604429,SMNABTCH,0.1467819188533799
106,0.036261408,91.639155,Cholesterol Homeostasis,MSigDB_Hallmark_2020,0.0037109224252099,TNF-alpha Signaling via NF-kB,MSigDB_Hallmark_2020,3.1479489330926854e-05,SMRDLGTH,0.057260329801435,SMNABTCH,0.1259458522629982
107,0.035810110000000006,91.674966,Fatty Acid Metabolism,MSigDB_Hallmark_2020,0.0083655355689771,Estrogen Response Early,MSigDB_Hallmark_2020,0.0354941131965145,AGE_mid,0.0420341400871463,SMNABTCH,0.1851796875414587
108,0.035374102,91.71034,Cholesterol Biosynthesis R-HSA-191273,Reactome_2022,1.940414302425229e-06,Metallothioneins Bind Metals R-HSA-5661231,Reactome_2022,2.3601803229568995e-05,AGE_mid,0.1175960460435619,SMNABTCH,0.1288607694404798
109,0.035070773,91.74541,Cholesterol Homeostasis,MSigDB_Hallmark_2020,0.0306622359083014,Inflammatory Response,MSigDB_Hallmark_2020,0.0072206339260876,AGE_mid,0.1018367964096083,SMNABTCH,0.2108343666348762
110,0.034889962999999996,91.780305,Glutathione metabolism,KEGG_2021_Human,0.0378666166365791,Cholesterol Homeostasis,MSigDB_Hallmark_2020,2.7550933184798585e-05,AGE_mid,0.0690019782729305,SMNABTCH,0.1827247752933821
111,0.03454997,91.81486,Coagulation,MSigDB_Hallmark_2020,0.014024827810472,Epithelial Mesenchymal Transition,MSigDB_Hallmark_2020,0.0308238351443415,SMRDLGTH,0.0864168691631315,SMNABTCH,0.227758034062469
112,0.0341252,91.84898,FOXF2 human,TRRUST_Transcription_Factors_2019,0.0053693720087432,Regulation Of Respiratory Burst (GO:0060263),GO_Biological_Process_2023,0.0021481825242675,AGE_mid,0.0249430713109959,SMNABTCH,0.1796182634291464
113,0.033566200000000004,91.88254500000001,ECM-receptor interaction,KEGG_2021_Human,0.0057935926732423,TNF-alpha Signaling via NF-kB,MSigDB_Hallmark_2020,0.0006401175689028,AGE_mid,0.0350370252044629,SMNABTCH,0.1060260456606084
114,0.033391136,91.915935,Cholesterol Homeostasis,MSigDB_Hallmark_2020,0.0036132665719149,Myogenesis,MSigDB_Hallmark_2020,0.0079807006551494,SMRDLGTH,0.0970512781950954,SMNABTCH,0.1745645102276168
115,0.032978662,91.948915,Defective HDR Thru Homologous Recombination (HRR) Due To BRCA1 Loss-Of-Function R-HSA-9701192,Reactome_2022,0.0291085166925346,Skeletal Muscle Contraction (GO:0003009),GO_Biological_Process_2023,0.0009391632082558,AGE_mid,0.0448810236397436,SMNABTCH,0.1717011243381806
116,0.032758104,91.981673,Chemokine Receptors Bind Chemokines R-HSA-380108,Reactome_2022,0.0108078872256486,Cholesterol Biosynthesis R-HSA-191273,Reactome_2022,0.002225536771568,SMRIN,0.0889160562716706,SMNABTCH,0.2888835947439362
117,0.031973995,92.013645,NR1H2 And NR1H3-mediated Signaling R-HSA-9024446,Reactome_2022,0.0001828424063597,Cholesterol Homeostasis,MSigDB_Hallmark_2020,0.0121427229356497,SMTSISCH,0.046483900078859,SMNABTCH,0.1595714507927325
118,0.031899655,92.045546,MEN1 mouse,TRRUST_Transcription_Factors_2019,0.1340825340260789,Blood Vessel Diameter Maintenance (GO:0097746),GO_Biological_Process_2023,0.3450511382287336,AGE_mid,0.1235723227942551,SMNABTCH,0.229263484065925
119,0.031454425,92.077,Skeletal Muscle Contraction (GO:0003009),GO_Biological_Process_2023,0.0204496874524412,Herpes simplex virus 1 infection,KEGG_2021_Human,0.0080292692335993,AGE_mid,0.0852798427273985,SMNABTCH,0.1714834702073225
120,0.031127672999999998,92.108124,EPAS1 mouse,TRRUST_Transcription_Factors_2019,0.4187451969756273,TNF-alpha Signaling via NF-kB,MSigDB_Hallmark_2020,4.774959008299482e-06,SMRIN,0.0502692727652339,SMNABTCH,0.2004451965053339
121,0.030956476000000004,92.139083,Epithelial Mesenchymal Transition,MSigDB_Hallmark_2020,0.004377315123302,IL-2/STAT5 Signaling,MSigDB_Hallmark_2020,0.0013593690950002,SMRDLGTH,0.0721776723642305,SMNABTCH,0.1961769952312262
122,0.030863803000000002,92.169946,Regulation Of Astrocyte Differentiation (GO:0048710),GO_Biological_Process_2023,0.1177774765772806,Cholesterol Biosynthesis R-HSA-191273,Reactome_2022,0.0545720114985663,AGE_mid,0.1050242885346719,SMNABTCH,0.1801243899569905
123,0.030673179999999998,92.20062,Coagulation,MSigDB_Hallmark_2020,0.0030408201138673,Regulation Of Dendritic Cell Differentiation (GO:2001198),GO_Biological_Process_2023,0.1431143544977194,AGE_mid,0.0608349359927232,SMNABTCH,0.2108068260892647
124,0.030277006,92.2309,Xenobiotic Catabolic Process (GO:0042178),GO_Biological_Process_2023,0.0407911384577292,NFIC mouse,TRRUST_Transcription_Factors_2019,0.0150138665045705,SMRDLGTH,0.0806281756898623,SMNABTCH,0.1467301470304513
125,0.030044458,92.260945,Cholesterol Homeostasis,MSigDB_Hallmark_2020,0.0003861035834399,Xenobiotic Metabolism,MSigDB_Hallmark_2020,0.0555878054962188,AGE_mid,0.0675210819089245,SMNABTCH,0.1835905988610426
126,0.029802190000000003,92.29075,SP1 human,TRRUST_Transcription_Factors_2019,0.2704396063800927,IRF1 human,TRRUST_Transcription_Factors_2019,0.0224529996894356,SMRIN,0.0503528122011426,SMNABTCH,0.2567867510222765
127,0.02967963,92.320424,Myogenesis,MSigDB_Hallmark_2020,0.0076006672906185,TNF-alpha Signaling via NF-kB,MSigDB_Hallmark_2020,0.0191481400139091,SMRDLGTH,0.0488941560509059,SMNABTCH,0.1243158353279315
128,0.02963933,92.350066,NR1H2 And NR1H3-mediated Signaling R-HSA-9024446,Reactome_2022,0.0029207000870277,Mitochondrial Ribosome Assembly (GO:0061668),GO_Biological_Process_2023,0.073693842569155,AGE_mid,0.0813106526639337,SMNABTCH,0.1294006822932834
129,0.029201858,92.379266,Herpes simplex virus 1 infection,KEGG_2021_Human,4.4048452278186495e-08,Fluid shear stress and atherosclerosis,KEGG_2021_Human,0.0002793138529037,AGE_mid,0.0992620889868919,SMNABTCH,0.1895421319093898
130,0.028875237,92.40814,Peptide Cross-Linking (GO:0018149),GO_Biological_Process_2023,0.1741960318626829,Low-Density Lipoprotein Particle Remodeling (GO:0034374),GO_Biological_Process_2023,0.1510582159138357,AGE_mid,0.0529747437252204,SMNABTCH,0.1249688084792233
131,0.028725746000000003,92.43686,Oxygen Transport (GO:0015671),GO_Biological_Process_2023,0.0018383308529018,Reverse Cholesterol Transport (GO:0043691),GO_Biological_Process_2023,0.0199792634397363,SMRDLGTH,0.0137223628750273,SMNABTCH,0.1889780263454968
132,0.028645125,92.46551,Skeletal Muscle Contraction (GO:0003009),GO_Biological_Process_2023,0.0007957557142151,Graft-versus-host disease,KEGG_2021_Human,9.009617921406406e-07,SMRIN,0.061997870909097,SMNABTCH,0.1200527905571272
133,0.02835472,92.49386000000001,RELA human,TRRUST_Transcription_Factors_2019,0.2718170576859335,Metallothioneins Bind Metals R-HSA-5661231,Reactome_2022,1.6362243019080632e-05,DTHHRDY,0.0452115310148393,SMNABTCH,0.1405817619516911
134,0.028256635,92.52212,Serine Family Amino Acid Metabolic Process (GO:0009069),GO_Biological_Process_2023,0.0106864217435344,Epithelial Mesenchymal Transition,MSigDB_Hallmark_2020,0.0336260019756453,AGE_mid,0.0904594391464178,SMNABTCH,0.1814453241398761
135,0.028215282,92.55033999999999,Arrhythmogenic right ventricular cardiomyopathy,KEGG_2021_Human,0.0223118799192196,PPAR signaling pathway,KEGG_2021_Human,0.0018293955501082,AGE_mid,0.0531246640077443,SMNABTCH,0.1653097298561498
136,0.0280391,92.57837500000001,Activation Of Matrix Metalloproteinases R-HSA-1592389,Reactome_2022,0.0926754843047658,Herpes simplex virus 1 infection,KEGG_2021_Human,1.149443841057105e-06,SMRIN,0.0580801926258953,SMNABTCH,0.108188721555612
137,0.027845663,92.60622,Xenobiotic Catabolic Process (GO:0042178),GO_Biological_Process_2023,0.0477456932111782,Neuronal Ion Channel Clustering (GO:0045161),GO_Biological_Process_2023,0.0601794961772014,SMRIN,0.0565018621033435,SMNABTCH,0.1877213400156564
138,0.027525797,92.63375,Cholesterol Biosynthesis R-HSA-191273,Reactome_2022,9.598597564259929e-05,Xenobiotic Catabolic Process (GO:0042178),GO_Biological_Process_2023,0.0321313803753097,AGE_mid,0.1386687821817547,SMNABTCH,0.2005785137108476
139,0.02730934,92.66105999999999,Cholesterol Homeostasis,MSigDB_Hallmark_2020,0.0041015458383899,Intermediate Filament Organization (GO:0045109),GO_Biological_Process_2023,0.0064541664669062,AGE_mid,0.028902795007007,SMNABTCH,0.1511030258995697
140,0.027134886,92.68819,Inflammatory Response,MSigDB_Hallmark_2020,0.0382962800278183,Striated Muscle Contraction R-HSA-390522,Reactome_2022,0.1325619096842917,SMRIN,0.0614033410516,SMNABTCH,0.2064512406946908
141,0.0268845,92.71507,Fatty acid degradation,KEGG_2021_Human,0.0093031443701938,PRDM1 mouse,TRRUST_Transcription_Factors_2019,0.1475490103598628,SMRDLGTH,0.0416520110972588,SMGEBTCH,0.0812300470244468
142,0.026808639999999998,92.74188,Metabolism of xenobiotics by cytochrome P450,KEGG_2021_Human,0.0009567421058134,Cellular Response To Zinc Ion (GO:0071294),GO_Biological_Process_2023,4.957090727096642e-06,AGE_mid,0.0574914896791632,SMNABTCH,0.1269299615410438
143,0.026679577000000003,92.76856,"Negative Regulation Of CD4-positive, Alpha-Beta T Cell Proliferation (GO:2000562)",GO_Biological_Process_2023,0.0219479867754121,Glyoxylate and dicarboxylate metabolism,KEGG_2021_Human,0.0390431463205224,SMTSISCH,0.0682400870798811,SMNABTCH,0.210584679114977
144,0.02659426,92.79516,Cholesterol Homeostasis,MSigDB_Hallmark_2020,0.0041992016916849,Reverse Cholesterol Transport (GO:0043691),GO_Biological_Process_2023,0.0187898302180625,SMRDLGTH,0.0720113165195225,SMGEBTCH,0.136910209398594
145,0.026254175,92.82141299999999,Regulation Of Endocytosis (GO:0030100),GO_Biological_Process_2023,0.0684721680903526,NR1H2 And NR1H3 Regulate Gene Expression To Limit Cholesterol Uptake R-HSA-9031525,Reactome_2022,0.0035234025348031,SMRIN,0.0600449060871252,SMNABTCH,0.1513963551683507
146,0.025994517,92.847407,Epithelial Mesenchymal Transition,MSigDB_Hallmark_2020,0.0072206339260876,Coagulation,MSigDB_Hallmark_2020,0.0177470565982572,AGE_mid,0.0340526554702461,SMNABTCH,0.1900440807710014
147,0.025936486999999998,92.87334,Propanoate metabolism,KEGG_2021_Human,0.0611930022495031,SRF mouse,TRRUST_Transcription_Factors_2019,0.0026413933919349,SMRDLGTH,0.0508104880729072,SMNABTCH,0.1102563734978439
148,0.025824247999999998,92.89917,Herpes simplex virus 1 infection,KEGG_2021_Human,0.0423659356821786,Glutathione Conjugation R-HSA-156590,Reactome_2022,0.0005445865393168,SMTSISCH,0.0542341055718071,SMGEBTCH,0.1369116263452373
149,0.025754,92.92492,TNF-alpha Signaling via NF-kB,MSigDB_Hallmark_2020,0.0270155613686477,Neuron Projection Morphogenesis (GO:0048812),GO_Biological_Process_2023,0.1230451258334995,AGE_mid,0.0537095434004348,SMNABTCH,0.1680019201757141
150,0.025608818000000002,92.95053,Antigen processing and presentation,KEGG_2021_Human,0.0016963272868199,Positive Regulation Of Phospholipid Transport (GO:2001140),GO_Biological_Process_2023,0.1197670715678953,AGE_mid,0.0835085480783494,SMNABTCH,0.1564912246406579
151,0.025562095000000003,92.976093,PPARA mouse,TRRUST_Transcription_Factors_2019,0.1117374895780359,FOXO1 mouse,TRRUST_Transcription_Factors_2019,0.1807845797256547,SMRIN,0.040283439702067,SMNABTCH,0.1570200395512656
152,0.025414227,93.00151,Negative Regulation Of Leukocyte Degranulation (GO:0043301),GO_Biological_Process_2023,0.0294252218498948,Bile Acid Metabolism,MSigDB_Hallmark_2020,0.0048402172316661,SMTSISCH,0.0152519415703056,SMNABTCH,0.1341924631242102
153,0.025255574,93.026763,Herpes simplex virus 1 infection,KEGG_2021_Human,0.007725459046382,RUNX1 human,TRRUST_Transcription_Factors_2019,0.0067338038790907,SMRDLGTH,0.0749938853918135,SMGEBTCH,0.1244213215119804
154,0.025104932,93.05187000000001,mTORC1 Signaling,MSigDB_Hallmark_2020,0.0373622244173837,Herpes simplex virus 1 infection,KEGG_2021_Human,0.0272318014700503,DTHHRDY,0.0316330659570607,SMNABTCH,0.1484379851821685
155,0.025052213,93.07692,NAD Metabolic Process (GO:0019674),GO_Biological_Process_2023,0.0639775563790028,NFIC mouse,TRRUST_Transcription_Factors_2019,0.0165458936989144,AGE_mid,0.0424202137195843,SMNABTCH,0.145657584347933
156,0.024660185,93.10158,Herpes simplex virus 1 infection,KEGG_2021_Human,0.0153851985706499,TNF-alpha Signaling via NF-kB,MSigDB_Hallmark_2020,0.0392303356382529,AGE_mid,0.0558272276097083,SMNABTCH,0.1286846437916611
157,0.024514747,93.12609400000001,High-Density Lipoprotein Particle Remodeling (GO:0034375),GO_Biological_Process_2023,0.2217733710101096,Bile Acid Metabolism,MSigDB_Hallmark_2020,0.1560655902099549,SMRDLGTH,0.0203301169418488,SMNABTCH,0.1776806867713658
158,0.0244457,93.15054,Glutathione Conjugation R-HSA-156590,Reactome_2022,0.1846312594885851,Serine Family Amino Acid Biosynthetic Process (GO:0009070),GO_Biological_Process_2023,0.0925032829670929,SMRIN,0.0668357239590618,SMNABTCH,0.2335707566266764
159,0.024312765,93.17484999999999,Metallothioneins Bind Metals R-HSA-5661231,Reactome_2022,1.8329059954878048e-05,Epithelial Mesenchymal Transition,MSigDB_Hallmark_2020,0.0076006672906185,AGE_mid,0.0533324062115727,SMNABTCH,0.136411703984266
160,0.024246985999999998,93.1991,Xenobiotic Catabolic Process (GO:0042178),GO_Biological_Process_2023,0.040088995910506,KRAS Signaling Up,MSigDB_Hallmark_2020,0.0382962800278183,SMTSISCH,0.0193843336645811,SMNABTCH,0.1738424999250692
161,0.024071503,93.22317,Neutrophil Degranulation R-HSA-6798695,Reactome_2022,0.1155463738192468,Epithelial Mesenchymal Transition,MSigDB_Hallmark_2020,0.0068406005615566,SMRDLGTH,0.0555752735582264,SMNABTCH,0.2200849807222201
162,0.02393232,93.24710400000001,CEBPA human,TRRUST_Transcription_Factors_2019,0.1242865980502054,IL-2/STAT5 Signaling,MSigDB_Hallmark_2020,0.0379803459329903,SMRIN,0.0459351730678574,SMNABTCH,0.1641010380924803
163,0.023827262000000002,93.27093400000001,Peptide Cross-Linking (GO:0018149),GO_Biological_Process_2023,0.1476229977523802,Xenobiotic Metabolism,MSigDB_Hallmark_2020,0.0308238351443415,SMRDLGTH,0.055715311097116,SMNABTCH,0.1204754237562333
164,0.023530578,93.294466,RHO GTPases Activate ROCKs R-HSA-5627117,Reactome_2022,0.006745459383269,Diseases Associated With Surfactant Metabolism R-HSA-5687613,Reactome_2022,0.0318205473852837,AGE_mid,0.0209053404114254,SMNABTCH,0.2001176136628724
165,0.023501519000000002,93.31796999999999,mTORC1 Signaling,MSigDB_Hallmark_2020,0.0013840379868169,IL-2/STAT5 Signaling,MSigDB_Hallmark_2020,0.0307459943267064,SMTSISCH,0.0558363814496484,SMNABTCH,0.2231763998245597
166,0.023405967,93.341374,Glutathione Conjugation R-HSA-156590,Reactome_2022,0.0149930356434618,Staphylococcus aureus infection,KEGG_2021_Human,0.169213334090311,SMRIN,0.0443514379392895,SMNABTCH,0.2038828886767898
167,0.023291704,93.36467,Nitric Oxide Stimulates Guanylate Cyclase R-HSA-392154,Reactome_2022,0.0240912640865582,STAT5A mouse,TRRUST_Transcription_Factors_2019,0.1009218356512757,SMRIN,0.0327216536221573,SMNABTCH,0.131271165757627
168,0.023161068,93.38783000000001,Phagosome,KEGG_2021_Human,0.0251972661525742,High-Density Lipoprotein Particle Remodeling (GO:0034375),GO_Biological_Process_2023,0.270606941192525,DTHHRDY,0.0204188033521076,SMNABTCH,0.0979457782184931
169,0.023031747,93.41086,HIVEP2 human,TRRUST_Transcription_Factors_2019,0.0019076827838154,Bundle Of His cell-Purkinje Myocyte Adhesion Involved In Cell Communication (GO:0086073),GO_Biological_Process_2023,0.0067186403766699,SMRIN,0.0570335315217699,SMNABTCH,0.1693643744180859
170,0.022854114999999998,93.433714,Metallothioneins Bind Metals R-HSA-5661231,Reactome_2022,0.0012487919396464,Negative Regulation Of Protein Kinase Activity (GO:0006469),GO_Biological_Process_2023,0.2078638202408284,AGE_mid,0.0828863572271708,SMNABTCH,0.1710217516653298
171,0.022808762,93.456525,Cholesterol Homeostasis,MSigDB_Hallmark_2020,0.1177543299419293,Herpes simplex virus 1 infection,KEGG_2021_Human,0.0860811719911104,AGE_mid,0.0449267295742053,SMNABTCH,0.1868531231503621
172,0.022607850999999998,93.47913,Herpes simplex virus 1 infection,KEGG_2021_Human,2.416252496941048e-05,Phospholipid Homeostasis (GO:0055091),GO_Biological_Process_2023,0.1373079664569478,SMRIN,0.0730663416597836,SMNABTCH,0.1418146462208613
173,0.022553676,93.50169000000001,p53 Pathway,MSigDB_Hallmark_2020,0.024614178135879,heme Metabolism,MSigDB_Hallmark_2020,0.1504938148800071,SMRDLGTH,0.0997788848550804,SMNABTCH,0.1849243261947019
174,0.022492015,93.52418,Herpes simplex virus 1 infection,KEGG_2021_Human,0.0019616113160588,Herpes simplex virus 1 infection,KEGG_2021_Human,0.0004843431051,AGE_mid,0.0539645451791848,SMNABTCH,0.1737584043769572
175,0.022438134999999998,93.54662,GATA1 human,TRRUST_Transcription_Factors_2019,0.1556205486816577,Serine Family Amino Acid Metabolic Process (GO:0009069),GO_Biological_Process_2023,0.0103182341036311,DTHHRDY,0.0215835620969183,SMNABTCH,0.2073376657750796
176,0.02230615,93.56892,Positive Regulation Of Stress Fiber Assembly (GO:0051496),GO_Biological_Process_2023,0.0048577604069579,Myogenesis,MSigDB_Hallmark_2020,0.0345600575860799,AGE_mid,0.1023455233323117,SMNABTCH,0.1511100174064437
177,0.022220884,93.59114,UV Response Dn,MSigDB_Hallmark_2020,0.1807632257880493,MYCN mouse,TRRUST_Transcription_Factors_2019,0.3012896686613456,SMRDLGTH,0.0467569660779856,SMNABTCH,0.2051455049363932
178,0.022089602,93.61323,Interferon Alpha/Beta Signaling R-HSA-909733,Reactome_2022,0.0494042581834191,IL-2/STAT5 Signaling,MSigDB_Hallmark_2020,0.1177543299419293,AGE_mid,0.0455159326639898,SMNABTCH,0.2313060277833796
179,0.022035635,93.635267,Herpes simplex virus 1 infection,KEGG_2021_Human,0.0063366124762459,IL-2/STAT5 Signaling,MSigDB_Hallmark_2020,0.0343631701298483,SMTSISCH,0.0318059507234134,SMNABTCH,0.1626233663677173
180,0.021916084,93.657184,Metabolism of xenobiotics by cytochrome P450,KEGG_2021_Human,0.0111822187067637,DNMT3A human,TRRUST_Transcription_Factors_2019,0.0098152932233213,SMRDLGTH,0.0713918395721687,SMNABTCH,0.1453612553545954
181,0.021889668,93.67907,Cholesterol metabolism,KEGG_2021_Human,0.0302046868974146,Inflammatory Response,MSigDB_Hallmark_2020,0.0076006672906185,SMRDLGTH,0.0584439047092153,SMGEBTCH,0.1123962077175418
182,0.021656018000000003,93.70072499999999,Regulation Of Calcium Ion-Dependent Exocytosis (GO:0017158),GO_Biological_Process_2023,0.1728395247750477,NR1H3 mouse,TRRUST_Transcription_Factors_2019,0.0404706411888753,SMTSISCH,0.0339362182058154,SMNABTCH,0.2600383126875465
183,0.021593299,93.72232,3'-Phosphoadenosine 5'-Phosphosulfate Metabolic Process (GO:0050427),GO_Biological_Process_2023,0.1843634867656869,Glutathione metabolism,KEGG_2021_Human,0.0030169341970068,DTHHRDY,0.0508532117394366,SMNABTCH,0.0998566746477709
184,0.021481626,93.7438,Apoptosis,MSigDB_Hallmark_2020,0.0001987700945493,Herpes simplex virus 1 infection,KEGG_2021_Human,0.0789501873291249,AGE_mid,0.0539369168751914,SMNABTCH,0.1213929734240023
185,0.021446915,93.765247,NFKB1 mouse,TRRUST_Transcription_Factors_2019,0.18933535788871,Estrogen Response Early,MSigDB_Hallmark_2020,0.0002104928836322,SMRDLGTH,0.0412106241794588,SMNABTCH,0.1687343969111016
186,0.021316677,93.78656,Negative Regulation Of Lens Fiber Cell Differentiation (GO:1902747),GO_Biological_Process_2023,0.0090663106038906,Glutathione Conjugation R-HSA-156590,Reactome_2022,0.012484907004221,AGE_mid,0.0586335840293772,SMNABTCH,0.140927683750589
187,0.021227206000000002,93.807787,Smooth Muscle Contraction R-HSA-445355,Reactome_2022,0.0289775410639559,NR1H3 mouse,TRRUST_Transcription_Factors_2019,0.0025025878508013,DTHHRDY,0.0513988730323892,SMNABTCH,0.1945924263066506
188,0.021147322,93.828934,Type I diabetes mellitus,KEGG_2021_Human,0.0122364558553132,Xenobiotic Catabolic Process (GO:0042178),GO_Biological_Process_2023,0.0370798135652637,AGE_mid,0.0655558110331456,SMNABTCH,0.2196340001921035
189,0.021069632,93.85000500000001,KRAS Signaling Up,MSigDB_Hallmark_2020,0.0326919463652107,NR0B2 human,TRRUST_Transcription_Factors_2019,0.1644556677969304,SMRIN,0.0533481585143215,SMNABTCH,0.1657272167008534
190,0.020940305,93.870944,Nectin/Necl Trans Heterodimerization R-HSA-420597,Reactome_2022,0.0127197528429247,Angiogenesis,MSigDB_Hallmark_2020,0.1875878110305204,AGE_mid,0.0594000948311892,SMNABTCH,0.1106280169073347
191,0.020896428,93.89184,Immunoregulatory Interactions Between A Lymphoid And A non-Lymphoid Cell R-HSA-198933,Reactome_2022,0.1031184598588985,ELF1 human,TRRUST_Transcription_Factors_2019,0.1649481460913578,SMTSISCH,0.0166081803030189,SMNABTCH,0.2802429610366421
192,0.020870788,93.912715,IL-2/STAT5 Signaling,MSigDB_Hallmark_2020,0.0352674640806338,Herpes simplex virus 1 infection,KEGG_2021_Human,0.0017092402695483,SMRDLGTH,0.0697089761422395,SMNABTCH,0.1795290724792655
193,0.020696419,93.93341,Iron Coordination Entity Transport (GO:1901678),GO_Biological_Process_2023,0.0102596046261349,TNF-alpha Signaling via NF-kB,MSigDB_Hallmark_2020,0.0345600575860799,DTHHRDY,0.0436540826436332,SMNABTCH,0.195672440882049
194,0.020682304,93.95409000000001,Glutathione metabolism,KEGG_2021_Human,0.2823957628527045,Carboxyterminal Post-Translational Modifications Of Tubulin R-HSA-8955332,Reactome_2022,0.0293115429740862,DTHHRDY,0.0581823382881861,SMNABTCH,0.2057491597627185
195,0.020636602,93.97473,Epithelial Mesenchymal Transition,MSigDB_Hallmark_2020,0.1301568128691953,NADH Metabolic Process (GO:0006734),GO_Biological_Process_2023,0.0388621922385147,AGE_mid,0.0934139092899363,SMNABTCH,0.1261472847527567
196,0.02046608,93.995196,Xenobiotic Catabolic Process (GO:0042178),GO_Biological_Process_2023,0.3710921292014776,HIVEP2 human,TRRUST_Transcription_Factors_2019,0.0019076827838154,AGE_mid,0.0750267912333418,SMNABTCH,0.1662329969523991
197,0.020389126,94.015586,Cholesterol Homeostasis,MSigDB_Hallmark_2020,0.0315382997913957,FOXF2 human,TRRUST_Transcription_Factors_2019,0.0034555364412703,SMRDLGTH,0.0474711904247263,SMNABTCH,0.1292778608186796
198,0.020249410000000002,94.035834,IL-2/STAT5 Signaling,MSigDB_Hallmark_2020,0.2633978432911577,Collagen Degradation R-HSA-1442490,Reactome_2022,4.4539723486650975e-05,SMRDLGTH,0.0359924986896215,SMNABTCH,0.1227792370737768
199,0.020133799,94.05597,BCL3 mouse,TRRUST_Transcription_Factors_2019,0.0549636505893262,Xenobiotic Catabolic Process (GO:0042178),GO_Biological_Process_2023,0.0375144732373543,SMRIN,0.0354277375348088,SMNABTCH,0.1598218934760623
200,0.020062817,94.07603,Serine Biosynthesis R-HSA-977347,Reactome_2022,0.0275764894981907,Negative Regulation Of Platelet Activation (GO:0010544),GO_Biological_Process_2023,0.0158071518936457,SMRDLGTH,0.0598736693388492,SMNABTCH,0.1970858615884436
201,0.020048031,94.09608,GATA6 mouse,TRRUST_Transcription_Factors_2019,0.0570145330740026,Bacterial invasion of epithelial cells,KEGG_2021_Human,0.2045362271552614,SMRDLGTH,0.0393183079922397,SMNABTCH,0.2124428771043803
202,0.019970261,94.11605,Intestinal immune network for IgA production,KEGG_2021_Human,0.0210182150585861,Regulation Of Cellular Component Organization (GO:0051128),GO_Biological_Process_2023,0.0234499664540125,AGE_mid,0.0284246230133495,SMNABTCH,0.1962383989832124
203,0.019883804,94.13593399999999,GFI1B mouse,TRRUST_Transcription_Factors_2019,0.2727652658126497,Acylglycerol Catabolic Process (GO:0046464),GO_Biological_Process_2023,0.1036558376781154,AGE_mid,0.0519626493372142,SMNABTCH,0.1738538391851183
204,0.019772297,94.155705,LMX1B human,TRRUST_Transcription_Factors_2019,0.0915749593777699,Bile Acid Metabolism,MSigDB_Hallmark_2020,0.1991181668195976,SMRDLGTH,0.0264425307086201,SMNABTCH,0.108905921645303
205,0.019731512,94.175434,Glycolysis,MSigDB_Hallmark_2020,0.0382962800278183,MEIS2 mouse,TRRUST_Transcription_Factors_2019,0.1962320558095071,SMRDLGTH,0.0428046615054565,SMNABTCH,0.2207509162792356
206,0.019644378,94.19508,USF2 mouse,TRRUST_Transcription_Factors_2019,0.3026743972575547,Vascular smooth muscle contraction,KEGG_2021_Human,0.3780736943275669,SMTSISCH,0.0200707770633455,SMNABTCH,0.1827279768436321
207,0.019530935,94.21461,RUNX3 human,TRRUST_Transcription_Factors_2019,0.0214737304762873,Herpes simplex virus 1 infection,KEGG_2021_Human,0.0004757958738336,SMTSISCH,0.0424186906007549,SMNABTCH,0.163454892977759
208,0.019427546,94.23404,Serine Family Amino Acid Catabolic Process (GO:0009071),GO_Biological_Process_2023,0.0431793746235629,Metallothioneins Bind Metals R-HSA-5661231,Reactome_2022,0.0690944264649112,SMRDLGTH,0.0257871945047014,SMNABTCH,0.1521599467173857
209,0.0193648,94.2534,Fluid shear stress and atherosclerosis,KEGG_2021_Human,0.0974687946890831,SRF mouse,TRRUST_Transcription_Factors_2019,0.0828564627514724,AGE_mid,0.0634369465388715,SMNABTCH,0.1609336529376575
210,0.019285177,94.27269,Positive Regulation Of Cholesterol Efflux (GO:0010875),GO_Biological_Process_2023,0.0690316600621225,Metallothioneins Bind Metals R-HSA-5661231,Reactome_2022,1.5190522291371534e-05,AGE_mid,0.0319664053819067,SMNABTCH,0.1310630847152809
211,0.019187995,94.29187999999999,RUNX1 Regulates Transcription Of Genes Involved In Differentiation Of Keratinocytes R-HSA-8939242,Reactome_2022,0.0198294629629824,TNF-alpha Signaling via NF-kB,MSigDB_Hallmark_2020,0.0336260019756453,AGE_mid,0.1056534045274356,SMNABTCH,0.1204960445616249
212,0.01913586,94.31101,Activation Of Matrix Metalloproteinases R-HSA-1592389,Reactome_2022,0.1141091132037127,Metabolism Of Fat-Soluble Vitamins R-HSA-6806667,Reactome_2022,0.0031646757055488,AGE_mid,0.0430704303176646,SMNABTCH,0.2239783449142278
213,0.01912673,94.33014,NFATC2 mouse,TRRUST_Transcription_Factors_2019,0.0719164395434843,PPARD human,TRRUST_Transcription_Factors_2019,0.212361606726992,SMRDLGTH,0.0417108992400808,SMNABTCH,0.1691266815329159
214,0.019030736,94.34917,"Negative Regulation Of CD4-positive, Alpha-Beta T Cell Proliferation (GO:2000562)",GO_Biological_Process_2023,0.0219287172523433,FOXA1 mouse,TRRUST_Transcription_Factors_2019,0.2595347835421857,AGE_mid,0.0442503419627955,SMNABTCH,0.2402101862481398
215,0.018930004,94.3681,Glycolysis,MSigDB_Hallmark_2020,0.1504938148800071,TAL1 human,TRRUST_Transcription_Factors_2019,0.3695091957049662,AGE_mid,0.0966101331152594,SMNABTCH,0.2015288427957156
216,0.018853713,94.38695299999999,Receptor-Mediated Endocytosis (GO:0006898),GO_Biological_Process_2023,0.0004501710803976,MYOG mouse,TRRUST_Transcription_Factors_2019,0.2966817438345412,SMRIN,0.0520386549506656,SMNABTCH,0.1433899495677335
217,0.018770898,94.40572,Fertilization R-HSA-1187000,Reactome_2022,0.0389386213138827,UV Response Dn,MSigDB_Hallmark_2020,0.0224512943839857,AGE_mid,0.0102803064425907,SMNABTCH,0.1500373587113219
218,0.018634085,94.424355,KRAS Signaling Up,MSigDB_Hallmark_2020,0.1197569350472314,Cellular Response To Alcohol (GO:0097306),GO_Biological_Process_2023,0.1915141115233631,SMRIN,0.0488229143711292,SMNABTCH,0.1885924715215658
219,0.018618532,94.442976,Serine Biosynthesis R-HSA-977347,Reactome_2022,0.0336411259670288,Estrogen Response Late,MSigDB_Hallmark_2020,0.1708308168908189,SMRDLGTH,0.0322612713907035,SMNABTCH,0.1999302859437416
220,0.018579318,94.461554,Activation Of Matrix Metalloproteinases R-HSA-1592389,Reactome_2022,0.1156338678899615,Metallothioneins Bind Metals R-HSA-5661231,Reactome_2022,0.0602086687377164,DTHHRDY,0.0293051478522217,SMNABTCH,0.175089671318805
221,0.018542599,94.4801,Regulation Of Dendritic Cell Differentiation (GO:2001198),GO_Biological_Process_2023,0.1368285475550744,Biosynthesis Of DHA-derived SPMs R-HSA-9018677,Reactome_2022,0.1151228060749108,AGE_mid,0.0361178651718913,SMNABTCH,0.1214955659222426
222,0.018482926,94.49858,Fatty Acid Metabolism,MSigDB_Hallmark_2020,0.0376772500006719,MYCN mouse,TRRUST_Transcription_Factors_2019,0.0083904925941295,SMRDLGTH,0.034616797103584,SMNABTCH,0.2103772223969052
223,0.018344077,94.516927,NANOG human,TRRUST_Transcription_Factors_2019,0.1113866272023907,Reverse Cholesterol Transport (GO:0043691),GO_Biological_Process_2023,0.0004534552689078,SMRIN,0.0295940220381225,SMNABTCH,0.1566785668528335
224,0.018280905,94.53521,LMX1B human,TRRUST_Transcription_Factors_2019,0.0915749593777699,Herpes simplex virus 1 infection,KEGG_2021_Human,0.0870998840856798,AGE_mid,0.0293997672546025,SMNABTCH,0.1509422647165488
225,0.018267508,94.553477,"Glycine, serine and threonine metabolism",KEGG_2021_Human,0.0996901664247462,RUNX3 mouse,TRRUST_Transcription_Factors_2019,0.2383213046255034,AGE_mid,0.0520403072727632,SMNABTCH,0.1479792378880244
226,0.018174824000000003,94.57164999999999,NKX2-1 mouse,TRRUST_Transcription_Factors_2019,0.3734509332650213,Endogenous Sterols R-HSA-211976,Reactome_2022,0.0645591824209453,SMTSISCH,0.0362850476228304,SMNABTCH,0.1395008045939882
227,0.018067461,94.589716,Xenobiotic Catabolic Process (GO:0042178),GO_Biological_Process_2023,0.025710152567378,SPI1 human,TRRUST_Transcription_Factors_2019,0.039926382751205,SMRDLGTH,0.0749889506312419,SMNABTCH,0.2116331109413533
228,0.018027093,94.60773999999999,Myogenesis,MSigDB_Hallmark_2020,0.1586286156843318,Actin Filament-Based Transport (GO:0099515),GO_Biological_Process_2023,0.0391043126952217,SMRDLGTH,0.0442841027248453,SMNABTCH,0.1110216870001493
229,0.018001101999999998,94.62574000000001,CEBPA human,TRRUST_Transcription_Factors_2019,0.0235295133731757,Negative Regulation Of Leukocyte Chemotaxis (GO:0002689),GO_Biological_Process_2023,0.1839964660407059,SMRIN,0.0313082563660302,SMNABTCH,0.1228207117229062
230,0.017949163,94.64369,GATA6 mouse,TRRUST_Transcription_Factors_2019,0.3413683670996962,IL-2/STAT5 Signaling,MSigDB_Hallmark_2020,0.0182140844034745,SMRIN,0.0447730320021407,SMNABTCH,0.1960982874546058
231,0.01789581,94.66158,Amyloid Precursor Protein Metabolic Process (GO:0042982),GO_Biological_Process_2023,0.0230029533286154,MYB human,TRRUST_Transcription_Factors_2019,0.0351412577044869,SMRIN,0.0286576218554443,SMNABTCH,0.1791026812199291
232,0.017821451,94.679403,BCL3 mouse,TRRUST_Transcription_Factors_2019,0.3759891222850669,EGR2 human,TRRUST_Transcription_Factors_2019,0.2113263970845829,SMRDLGTH,0.0394819227205273,SMNABTCH,0.2701842181881332
233,0.017779665,94.697183,Dissolution Of Fibrin Clot R-HSA-75205,Reactome_2022,0.1161761942470323,Peroxisome,KEGG_2021_Human,0.1294726663232329,SMRIN,0.0320500443406634,SMNABTCH,0.1262115652405351
234,0.017745075,94.71493,MYOD1 mouse,TRRUST_Transcription_Factors_2019,0.0826736730382995,BMI1 mouse,TRRUST_Transcription_Factors_2019,0.3328577607618497,DTHHRDY,0.0344268116568175,SMNABTCH,0.1712626820721672
235,0.017645506999999998,94.73257000000001,NFKB1 human,TRRUST_Transcription_Factors_2019,0.3072606465003131,Adherens junction,KEGG_2021_Human,0.1341952536499952,SMRDLGTH,0.0807105313607363,SMNABTCH,0.2309109220985141
236,0.017574463000000002,94.75015,UV Response Dn,MSigDB_Hallmark_2020,0.0199567061190984,Generic Transcription Pathway R-HSA-212436,Reactome_2022,0.0010146940271692,SMRDLGTH,0.0765662097712959,SMNABTCH,0.168032619763433
237,0.017554329,94.7677,NFATC1 mouse,TRRUST_Transcription_Factors_2019,0.0574021189871224,Mitochondrial Iron-Sulfur Cluster Biogenesis R-HSA-1362409,Reactome_2022,0.1211476980549007,SMRIN,0.0369064423799408,SMNABTCH,0.135859563295203
238,0.017462087,94.785166,Regulation Of Vesicle Fusion (GO:0031338),GO_Biological_Process_2023,0.0576277154205709,Androgen Response,MSigDB_Hallmark_2020,0.1263052150520497,SMTSISCH,0.0327977739437343,SMNABTCH,0.1789264643053474
239,0.017402132,94.80257,ECM-receptor interaction,KEGG_2021_Human,0.2557941530500016,BTF3 human,TRRUST_Transcription_Factors_2019,0.117477604047624,AGE_mid,0.0202971323243865,SMNABTCH,0.2128750029785571
240,0.017380628999999998,94.81994999999999,SOX10 human,TRRUST_Transcription_Factors_2019,0.146030726865245,Glycosyl Compound Biosynthetic Process (GO:1901659),GO_Biological_Process_2023,0.3111743506785933,SMRIN,0.030731053721812,SMNABTCH,0.1935046465803807
241,0.017252161,94.8372,Herpes simplex virus 1 infection,KEGG_2021_Human,0.0738566268562782,FOXO1 mouse,TRRUST_Transcription_Factors_2019,0.0138293494360209,DTHHRDY,0.0322388939368685,SMNABTCH,0.1961950006190377
242,0.017199993,94.8544,Estrogen Response Early,MSigDB_Hallmark_2020,0.0345600575860799,Spontaneous Synaptic Transmission (GO:0098814),GO_Biological_Process_2023,0.0203100773145605,AGE_mid,0.0522226010867319,SMNABTCH,0.1509115141464823
243,0.017190837,94.87159,Herpes simplex virus 1 infection,KEGG_2021_Human,0.0779314752345556,ARNTL human,TRRUST_Transcription_Factors_2019,0.4337409213298738,SMRDLGTH,0.0798237000553329,SMNABTCH,0.137227218426802
244,0.017123733000000002,94.888717,AR human,TRRUST_Transcription_Factors_2019,0.3455099325759232,Wnt-beta Catenin Signaling,MSigDB_Hallmark_2020,0.2065865437577707,SMRDLGTH,0.0471089789987653,SMNABTCH,0.1584825343686723
245,0.017081345,94.9058,Positive Regulation Of Phospholipid Transport (GO:2001140),GO_Biological_Process_2023,0.1073077042351527,Lysosome,KEGG_2021_Human,0.2822425077788932,AGE_mid,0.0454898459567318,SMNABTCH,0.1096060839601141
246,0.016993318,94.92279,Herpes simplex virus 1 infection,KEGG_2021_Human,0.0018124829703935,Glutathione Conjugation R-HSA-156590,Reactome_2022,0.0005910241511966,SMRDLGTH,0.0359983107409615,SMNABTCH,0.2207883921943799
247,0.016945148,94.93974,SRF mouse,TRRUST_Transcription_Factors_2019,0.078031656571221,Cholesterol Biosynthesis R-HSA-191273,Reactome_2022,0.0460260589148982,SMRDLGTH,0.0495663801021144,SMNABTCH,0.1802776546574779
248,0.016916468,94.956654,KLF5 mouse,TRRUST_Transcription_Factors_2019,0.2932903943065483,Herpes simplex virus 1 infection,KEGG_2021_Human,0.1710544595713315,SMRIN,0.0307987736671502,SMNABTCH,0.1690388726543034
249,0.016846099,94.9735,"Glycine, serine and threonine metabolism",KEGG_2021_Human,0.0083819376956513,RELB mouse,TRRUST_Transcription_Factors_2019,0.1566750361584879,SMTSISCH,0.0383729983220412,SMNABTCH,0.1550209232436255
250,0.016790180000000002,94.99029,Coagulation,MSigDB_Hallmark_2020,0.0963034196624764,Cell adhesion molecules,KEGG_2021_Human,0.118849699361975,SMRIN,0.0419748262320099,SMNABTCH,0.1618023494412888
251,0.016783726,95.007074,Fructose Catabolism R-HSA-70350,Reactome_2022,0.1655839993380174,Coagulation,MSigDB_Hallmark_2020,0.0169265163229835,DTHHRDY,0.027592003438685,SMNABTCH,0.1950897941436523
