pc,var_explained,cum_var,direction,best_term_overall,best_library_overall,best_adj_p_overall,best_combined_overall
1,0.3110959231853485,0.3110959231853485,pos,MYC 22102868 ChIP-Seq CA46 Human Blood BurkittsLymphoma,ChEA_2022,5.761778478559129e-26,377.03480572564536
1,0.3110959231853485,0.3110959231853485,neg,Innate Immune System R-HSA-168249,Reactome_2022,3.07811431278773e-15,225.58444563586824
2,0.20210440456867218,0.5132003426551819,pos,SPI1 23547873 ChIP-Seq NB4 Human,ChEA_2022,4.5193040277080726e-17,187.2700775389612
2,0.20210440456867218,0.5132003426551819,neg,Cellular Responses To Stress R-HSA-2262752,Reactome_2022,8.397648759616635e-13,210.0964078521706
3,0.09455450624227524,0.6077548265457153,pos,CREM 20920259 ChIP-Seq GC1-SPG Mouse,ChEA_2022,2.6254826254340857e-35,567.2447906819287
3,0.09455450624227524,0.6077548265457153,neg,JARID1A 20064375 ChIP-Seq MESCs Mouse,ChEA_2022,1.3027550221000126e-25,411.34198237676793
4,0.05736606940627098,0.6651208996772766,pos,Mitochondrial Inner Membrane (GO:0005743),GO_Cellular_Component_2023,1.290509509957847e-33,1406.6229309089347
4,0.05736606940627098,0.6651208996772766,neg,TCF7 22412390 ChIP-Seq EML Mouse,ChEA_2022,4.7482850176160644e-18,241.98850343908578
5,0.03003801219165325,0.6951588988304138,pos,Hypoxia,MSigDB_Hallmark_2020,4.1310803230035674e-14,444.0647994685546
5,0.03003801219165325,0.6951588988304138,neg,heme Metabolism,MSigDB_Hallmark_2020,5.791225337153221e-11,288.5693815744541
6,0.021431470289826393,0.7165903449058533,pos,heme Metabolism,MSigDB_Hallmark_2020,8.567883271599129e-10,246.03113001667265
6,0.021431470289826393,0.7165903449058533,neg,Eukaryotic Translation Elongation R-HSA-156842,Reactome_2022,1.0540380655435373e-40,6742.256233577588
7,0.016563845798373222,0.7331541776657104,pos,CTCF 33576154 ChIP-Seq Human Liver ProstateCancer,ChEA_2022,0.0026578051604885084,25.074773870013694
7,0.016563845798373222,0.7331541776657104,neg,CREB1 23762244 ChIP-Seq HIPPOCAMPUS Rat,ChEA_2022,5.183718702358762e-06,53.94857144190793
8,0.014018694870173931,0.7471728920936584,pos,IRF8 27001747 Chip-Seq BMDM Mouse,ChEA_2022,3.0401049889471997e-12,143.53669683726636
8,0.014018694870173931,0.7471728920936584,neg,Cell Cycle R-HSA-1640170,Reactome_2022,8.341847312579845e-48,1935.625949458087
9,0.011562873609364033,0.7587357759475708,pos,E2F1 human,TRRUST_Transcription_Factors_2019,0.00011422298178687512,115.43607017884145
9,0.011562873609364033,0.7587357759475708,neg,HSF1 23293686 ChIP-Seq STHDH STRIATAL Mouse,ChEA_2022,2.7253631896065227e-07,104.44948130609586
10,0.010568277910351753,0.7693040370941162,pos,Immune System R-HSA-168256,Reactome_2022,2.467158889914984e-18,231.93349744204446
10,0.010568277910351753,0.7693040370941162,neg,Collagen-Containing Extracellular Matrix (GO:0062023),GO_Cellular_Component_2023,2.812922418473717e-05,77.58291494503807
11,0.009228494018316269,0.7785325050354004,pos,Extrafollicular And Follicular B Cell Activation By SARS CoV 2 WP5218,WikiPathway_2023_Human,2.6553359129854092e-09,516.4780738245307
11,0.009228494018316269,0.7785325050354004,neg,SPI1 23547873 ChIP-Seq NB4 Human,ChEA_2022,1.187774143902182e-09,86.25177202153097
12,0.0076730200089514256,0.786205530166626,pos,SOX2 20726797 ChIP-Seq SW620 Human,ChEA_2022,5.701854221145996e-12,127.01129431811417
12,0.0076730200089514256,0.786205530166626,neg,KDM2B 26808549 Chip-Seq SUP-B15 Human,ChEA_2022,1.2079404370789057e-07,75.42228515531501
13,0.007044780999422073,0.793250322341919,pos,EGR1 20690147 ChIP-Seq ERYTHROLEUKEMIA Human,ChEA_2022,6.868204161081144e-08,59.56099175122283
13,0.007044780999422073,0.793250322341919,neg,Interferon Alpha Response,MSigDB_Hallmark_2020,7.950194985249831e-21,1525.0329049230006
14,0.006070540752261877,0.7993208765983582,pos,Interferon Gamma Response,MSigDB_Hallmark_2020,3.6574363667207914e-58,6341.026969429249
14,0.006070540752261877,0.7993208765983582,neg,"Platelet Activation, Signaling And Aggregation R-HSA-76002",Reactome_2022,4.203996711931309e-08,189.10032981676858
15,0.005723635666072369,0.8050445318222046,pos,TNF-alpha Signaling via NF-kB,MSigDB_Hallmark_2020,5.287337107008398e-07,143.16657037615133
15,0.005723635666072369,0.8050445318222046,neg,heme Metabolism,MSigDB_Hallmark_2020,3.526531983051826e-14,444.0647994685546
16,0.005120972171425819,0.810165524482727,pos,Myogenesis,MSigDB_Hallmark_2020,6.664776556723301e-08,173.54680844809113
16,0.005120972171425819,0.810165524482727,neg,MYC 19030024 ChIP-ChIP MESCs Mouse,ChEA_2022,7.461244251250774e-08,66.31214168703306
17,0.00474547129124403,0.8149110078811646,pos,CREM 20920259 ChIP-Seq GC1-SPG Mouse,ChEA_2022,8.890735274741643e-25,301.0112836263493
17,0.00474547129124403,0.8149110078811646,neg,Interferon Gamma Response,MSigDB_Hallmark_2020,7.604061725786794e-47,4040.3432509725453
18,0.0042092991061508656,0.8191202878952026,pos,Hemostasis R-HSA-109582,Reactome_2022,7.209763014111541e-11,185.0295863587493
18,0.0042092991061508656,0.8191202878952026,neg,B Cell Receptor Signaling Pathway (GO:0050853),GO_Biological_Process_2023,1.742601392080567e-11,1169.1743107971663
19,0.004022514447569847,0.8231428265571594,pos,Metabolism R-HSA-1430728,Reactome_2022,6.724850020156086e-14,151.6078103983779
19,0.004022514447569847,0.8231428265571594,neg,Hemostasis R-HSA-109582,Reactome_2022,2.398967554682294e-13,248.45596020955483
20,0.0039399112574756145,0.8270827531814575,pos,B Cell Receptor Signaling Pathway (GO:0050853),GO_Biological_Process_2023,6.434223178231771e-20,3232.717902012909
20,0.0039399112574756145,0.8270827531814575,neg,GATA2 19941826 ChIP-Seq K562 Human,ChEA_2022,6.085533312134782e-11,119.95090510772695
21,0.0035869276616722345,0.8306697010993958,pos,RXR 22158963 ChIP-Seq LIVER Mouse,ChEA_2022,2.628195432557222e-19,273.7406450639348
21,0.0035869276616722345,0.8306697010993958,neg,VDR 24763502 ChIP-Seq THP-1 Human,ChEA_2022,0.00035243615319746353,46.09616703757826
22,0.003418512875214219,0.8340882062911987,pos,Interferon Alpha Response,MSigDB_Hallmark_2020,1.9026169783559493e-42,6395.922041023115
22,0.003418512875214219,0.8340882062911987,neg,MBD3 35695185 ChIP-Seq nicBasalRootGanglia Mouse Embryo,ChEA_2022,2.503950552682652e-05,38.263600742181524
23,0.0032572525087743998,0.8373454809188843,pos,Hemostasis R-HSA-109582,Reactome_2022,1.135924324357135e-11,204.79824331889418
23,0.0032572525087743998,0.8373454809188843,neg,Interferon Alpha Response,MSigDB_Hallmark_2020,6.978763423987789e-24,1977.191172954916
24,0.00295275985263288,0.8402982354164124,pos,KDM2B 26808549 Chip-Seq HPB-ALL Human,ChEA_2022,6.385371045851955e-16,201.06583504854405
24,0.00295275985263288,0.8402982354164124,neg,Interferon Alpha Response,MSigDB_Hallmark_2020,5.5043139516191e-32,3519.9481477395166
25,0.002774336840957403,0.8430725932121277,pos,Neutrophil Degranulation R-HSA-6798695,Reactome_2022,1.4325156745731085e-07,123.12207301099346
25,0.002774336840957403,0.8430725932121277,neg,RUNX2 24655370 ChIP-Seq MC3T3E1 Mouse Bone,ChEA_2022,2.1882077679192925e-07,56.195219476361544
26,0.0027159189339727163,0.8457885384559631,pos,B Cell Receptor Signaling Pathway (GO:0050853),GO_Biological_Process_2023,5.047493429545654e-13,1465.9675340005317
26,0.0027159189339727163,0.8457885384559631,neg,Glycolytic Process (GO:0006096),GO_Biological_Process_2023,1.0560383723665655e-08,1196.774823514627
27,0.0024620541371405125,0.8482505679130554,pos,Myogenesis,MSigDB_Hallmark_2020,7.392665038100781e-09,207.7632625634895
27,0.0024620541371405125,0.8482505679130554,neg,Interferon Gamma Response,MSigDB_Hallmark_2020,3.2330286339870824e-05,93.06883213570319
28,0.002426782390102744,0.8506773710250854,pos,STAT6 20620947 ChIP-Seq CD4 POS T Human,ChEA_2022,8.600581260804622e-07,133.47085033415175
28,0.002426782390102744,0.8506773710250854,neg,B Cell Receptor Signaling Pathway (GO:0050853),GO_Biological_Process_2023,2.924915901085173e-08,706.8283826649443
29,0.0022599855437874794,0.8529373407363892,pos,Interferon Alpha Response,MSigDB_Hallmark_2020,1.0504392349535422e-53,10873.485000296556
29,0.0022599855437874794,0.8529373407363892,neg,Oxidoreduction-Driven Active Transmembrane Transporter Activity (GO:0015453),GO_Molecular_Function_2023,2.9176965715606745e-08,537.8909483656437
30,0.002187985461205244,0.8551253080368042,pos,CD22 Mediated BCR Regulation R-HSA-5690714,Reactome_2022,5.9466938579690025e-05,3183.512051346897
30,0.002187985461205244,0.8551253080368042,neg,T Cell Receptor Complex (GO:0042101),GO_Cellular_Component_2023,3.567886214580432e-06,828.8006483109033
31,0.0020718646701425314,0.8571971654891968,pos,Immunoregulatory Interactions Between A Lymphoid And A non-Lymphoid Cell R-HSA-198933,Reactome_2022,2.085697249159535e-05,173.28015778075357
31,0.0020718646701425314,0.8571971654891968,neg,Axon Guidance R-HSA-422475,Reactome_2022,0.01241847694778394,38.731568812593636
32,0.0020060837268829346,0.8592032194137573,pos,Myogenesis,MSigDB_Hallmark_2020,6.493192044686945e-11,288.5693815744541
32,0.0020060837268829346,0.8592032194137573,neg,"Cell Cycle, Mitotic R-HSA-69278",Reactome_2022,1.0768369889489322e-05,85.83732572532283
33,0.0018674485618248582,0.8610706925392151,pos,B Cell Receptor Signaling Pathway (GO:0050853),GO_Biological_Process_2023,2.1696551995791378e-05,388.4690218387859
33,0.0018674485618248582,0.8610706925392151,neg,Metabolism Of Amino Acids And Derivatives R-HSA-71291,Reactome_2022,2.23028841879908e-13,318.4311930350917
34,0.0017801345093175769,0.8628508448600769,pos,heme Metabolism,MSigDB_Hallmark_2020,0.0077906839728840134,41.45060631295679
34,0.0017801345093175769,0.8628508448600769,neg,Skeletal Muscle Contraction (GO:0003009),GO_Biological_Process_2023,0.0010927027535059873,501.12759744627596
35,0.0017158091068267822,0.8645666837692261,pos,heme Metabolism,MSigDB_Hallmark_2020,8.466958936073666e-19,725.3481224790628
35,0.0017158091068267822,0.8645666837692261,neg,Striated Muscle Contraction (GO:0006941),GO_Biological_Process_2023,3.326468109106566e-10,804.3029858101831
36,0.001710230833850801,0.8662769198417664,pos,Endodermal Cell Differentiation (GO:0035987),GO_Biological_Process_2023,0.016886554251216303,219.27708359619595
36,0.001710230833850801,0.8662769198417664,neg,Interferon Alpha Response,MSigDB_Hallmark_2020,0.01766398952742535,51.91145138175452
37,0.001550167566165328,0.8678270578384399,pos,Striated Muscle Contraction (GO:0006941),GO_Biological_Process_2023,3.5352279389990565e-10,804.3029858101831
37,0.001550167566165328,0.8678270578384399,neg,heme Metabolism,MSigDB_Hallmark_2020,3.57334743756467e-05,93.06883213570319
38,0.0015123796183615923,0.8693394660949707,pos,Myogenesis,MSigDB_Hallmark_2020,4.50636754148757e-13,387.35527247124753
38,0.0015123796183615923,0.8693394660949707,neg,Antigen processing and presentation,KEGG_2021_Human,0.0027663183446602745,113.34891391093362
39,0.0014166790060698986,0.8707561492919922,pos,heme Metabolism,MSigDB_Hallmark_2020,5.729315404528105e-09,207.7632625634895
39,0.0014166790060698986,0.8707561492919922,neg,heme Metabolism,MSigDB_Hallmark_2020,7.177451676471247e-08,173.54680844809113
40,0.0013901385245844722,0.8721463084220886,pos,Striated Muscle Contraction (GO:0006941),GO_Biological_Process_2023,1.5201236987823995e-11,1002.5819712869597
40,0.0013901385245844722,0.8721463084220886,neg,Interferon Alpha Response,MSigDB_Hallmark_2020,0.00021127261072749443,111.15933739653123
41,0.001370576792396605,0.873516857624054,pos,Hematopoietic cell lineage,KEGG_2021_Human,7.597015883424131e-07,250.72834432725108
41,0.001370576792396605,0.873516857624054,neg,Striated Muscle Contraction (GO:0006941),GO_Biological_Process_2023,5.616654193964805e-06,370.7671899534008
42,0.0013255339581519365,0.8748424053192139,pos,Interferon Alpha Response,MSigDB_Hallmark_2020,1.8869523280241065e-06,201.17786729334037
42,0.0013255339581519365,0.8748424053192139,neg,heme Metabolism,MSigDB_Hallmark_2020,2.903916018324443e-15,505.96947902282244
43,0.001266686012968421,0.8761090636253357,pos,IL-2/STAT5 Signaling,MSigDB_Hallmark_2020,0.0038003336453092747,41.85326872713533
43,0.001266686012968421,0.8761090636253357,neg,Myogenesis,MSigDB_Hallmark_2020,6.142208690920083e-11,288.5693815744541
44,0.001225453452207148,0.8773345351219177,pos,heme Metabolism,MSigDB_Hallmark_2020,6.308652260691361e-07,143.16657037615133
44,0.001225453452207148,0.8773345351219177,neg,Striated Muscle Contraction (GO:0006941),GO_Biological_Process_2023,5.047881132646281e-10,804.3029858101831
45,0.0012194628361612558,0.8785539865493774,pos,Attenuation Phase R-HSA-3371568,Reactome_2022,3.3481552328383003e-15,3575.4458801364594
45,0.0012194628361612558,0.8785539865493774,neg,Huntington disease,KEGG_2021_Human,6.967693475720099e-10,209.9169134096288
46,0.0011547752656042576,0.8797087669372559,pos,Spliceosome,KEGG_2021_Human,0.003969930333357171,70.89917671227217
46,0.0011547752656042576,0.8797087669372559,neg,Interferon Alpha Response,MSigDB_Hallmark_2020,0.0018385660896796194,78.04105718582815
47,0.0011411423329263926,0.8808498978614807,pos,Interferon Gamma Response,MSigDB_Hallmark_2020,0.007410650608353085,41.45060631295679
47,0.0011411423329263926,0.8808498978614807,neg,PARP1 human,TRRUST_Transcription_Factors_2019,0.007993110224489192,176.26230732641343
48,0.001110351295210421,0.8819602727890015,pos,Striated Muscle Contraction (GO:0006941),GO_Biological_Process_2023,1.598770157699449e-11,1002.5819712869597
48,0.001110351295210421,0.8819602727890015,neg,Receptor-Mediated Endocytosis Of Virus By Host Cell (GO:0019065),GO_Biological_Process_2023,0.11013238942712017,391.61775629527256
49,0.0010564891854301095,0.8830167651176453,pos,Striated Muscle Contraction (GO:0006941),GO_Biological_Process_2023,1.3799418355465146e-08,634.6788287785718
49,0.0010564891854301095,0.8830167651176453,neg,KLF4 human,TRRUST_Transcription_Factors_2019,0.006733803879090731,144.26943679538044
50,0.0010237345704808831,0.8840404748916626,pos,Response To Unfolded Protein (GO:0006986),GO_Biological_Process_2023,0.0003325869654283126,294.335216979438
50,0.0010237345704808831,0.8840404748916626,neg,Glomerular Filtration (GO:0003094),GO_Biological_Process_2023,0.006986250836930292,536.2469711319385
51,0.0009769612224772573,0.885017454624176,pos,TNF-alpha Signaling via NF-kB,MSigDB_Hallmark_2020,0.00022755987419699806,72.93349778920441
51,0.0009769612224772573,0.885017454624176,neg,Cyclin D Associated Events In G1 R-HSA-69231,Reactome_2022,0.00031470684908923674,263.7963592880561
52,0.0009717671782709658,0.885989248752594,pos,GATA1 human,TRRUST_Transcription_Factors_2019,0.0024884201770932167,128.42832253074832
52,0.0009717671782709658,0.885989248752594,neg,TNF-alpha Signaling via NF-kB,MSigDB_Hallmark_2020,6.161939417419469e-07,143.16657037615133
53,0.0009506434435024858,0.8869398832321167,pos,heme Metabolism,MSigDB_Hallmark_2020,4.0761845192800455e-06,116.41047380303489
53,0.0009506434435024858,0.8869398832321167,neg,Myogenesis,MSigDB_Hallmark_2020,3.1479489330926854e-05,93.06883213570319
54,0.0009002419537864625,0.8878401517868042,pos,TNF-alpha Signaling via NF-kB,MSigDB_Hallmark_2020,4.658496593462909e-06,116.41047380303489
54,0.0009002419537864625,0.8878401517868042,neg,heme Metabolism,MSigDB_Hallmark_2020,0.0014532398861577995,55.79685681599258
55,0.000870618736371398,0.8887107968330383,pos,IL-2/STAT5 Signaling,MSigDB_Hallmark_2020,0.1177543299419293,20.490924669981364
55,0.000870618736371398,0.8887107968330383,neg,Glomerular Filtration (GO:0003094),GO_Biological_Process_2023,0.007368975882779517,536.2469711319385
56,0.0008658046717755497,0.8895766139030457,pos,Immune System R-HSA-168256,Reactome_2022,0.0006681292481187605,34.05020930861378
56,0.0008658046717755497,0.8895766139030457,neg,Epithelial Mesenchymal Transition,MSigDB_Hallmark_2020,0.0015570427351690708,55.79685681599258
57,0.0008447642321698368,0.8904213905334473,pos,TNF-alpha Signaling via NF-kB,MSigDB_Hallmark_2020,0.0077906839728840134,41.45060631295679
57,0.0008447642321698368,0.8904213905334473,neg,STAT4 human,TRRUST_Transcription_Factors_2019,0.026657273181584375,330.92884130781977
58,0.0008113191579468548,0.8912327289581299,pos,B Cell Receptor Signaling Pathway (GO:0050853),GO_Biological_Process_2023,0.0003958122546765849,273.3824888472053
58,0.0008113191579468548,0.8912327289581299,neg,TFAP2A mouse,TRRUST_Transcription_Factors_2019,0.01627575011934848,391.61775629527256
59,0.0007916213944554329,0.8920243382453918,pos,Epithelial Mesenchymal Transition,MSigDB_Hallmark_2020,0.00023893786790684795,72.93349778920441
59,0.0007916213944554329,0.8920243382453918,neg,Hypoxia,MSigDB_Hallmark_2020,0.001349437037146528,55.79685681599258
60,0.000777563895098865,0.8928018808364868,pos,heme Metabolism,MSigDB_Hallmark_2020,0.007980700655149477,41.45060631295679
60,0.000777563895098865,0.8928018808364868,neg,DNA Repair,MSigDB_Hallmark_2020,0.01868111220869187,35.589008662357394
61,0.0007696053362451494,0.8935714960098267,pos,TNF-alpha Signaling via NF-kB,MSigDB_Hallmark_2020,4.425571763789763e-06,116.41047380303489
61,0.0007696053362451494,0.8935714960098267,neg,Epithelial Mesenchymal Transition,MSigDB_Hallmark_2020,7.0230317861957416e-09,207.7632625634895
62,0.0007530293660238385,0.894324541091919,pos,ECM-receptor interaction,KEGG_2021_Human,0.005505354231787472,92.30726282845026
62,0.0007530293660238385,0.894324541091919,neg,Response Of EIF2AK4 (GCN2) To Amino Acid Deficiency R-HSA-9633012,Reactome_2022,0.00034361222548334123,149.33756474381147
63,0.0007313753594644368,0.895055890083313,pos,Interferon Gamma Response,MSigDB_Hallmark_2020,6.161939417419469e-07,143.16657037615133
63,0.0007313753594644368,0.895055890083313,neg,Interferon Alpha Response,MSigDB_Hallmark_2020,5.734321584504753e-10,406.57105563201924
64,0.0007176153012551367,0.8957735300064087,pos,Receptor-Mediated Endocytosis (GO:0006898),GO_Biological_Process_2023,5.397911677789072e-06,222.24954780478234
64,0.0007176153012551367,0.8957735300064087,neg,TNF-alpha Signaling via NF-kB,MSigDB_Hallmark_2020,0.0014186389364873756,55.79685681599258
65,0.0006985442596487701,0.8964720964431763,pos,Cilium Assembly (GO:0060271),GO_Biological_Process_2023,0.001285979906717141,81.25682781316284
65,0.0006985442596487701,0.8964720964431763,neg,Metallothioneins Bind Metals R-HSA-5661231,Reactome_2022,2.8874546504259942e-05,1437.1155985372875
66,0.0006814923835918307,0.8971536159515381,pos,SRF mouse,TRRUST_Transcription_Factors_2019,0.00010263206524091818,501.12759744627596
66,0.0006814923835918307,0.8971536159515381,neg,TNF-alpha Signaling via NF-kB,MSigDB_Hallmark_2020,6.015226574147577e-07,143.16657037615133
67,0.0006494930130429566,0.8978031277656555,pos,Interferon Alpha Response,MSigDB_Hallmark_2020,5.633069669871428e-18,1150.7347003084533
67,0.0006494930130429566,0.8978031277656555,neg,Interferon Gamma Response,MSigDB_Hallmark_2020,4.542034178626336e-06,116.41047380303489
68,0.0006445095059461892,0.8984476327896118,pos,Negative Regulation Of I-kappaB kinase/NF-kappaB Signaling (GO:0043124),GO_Biological_Process_2023,0.07367527677471657,133.16204547949982
68,0.0006445095059461892,0.8984476327896118,neg,Attenuation Phase R-HSA-3371568,Reactome_2022,0.00010773567134272911,474.90568175648224
69,0.000641656806692481,0.8990892767906189,pos,TNF-alpha Signaling via NF-kB,MSigDB_Hallmark_2020,0.01200691616384343,29.684225172013964
69,0.000641656806692481,0.8990892767906189,neg,Lysosome,KEGG_2021_Human,0.0071355992463318085,68.45519120960265
70,0.0006263702525757253,0.8997156620025635,pos,p53 Pathway,MSigDB_Hallmark_2020,0.00817071733741494,41.45060631295679
70,0.0006263702525757253,0.8997156620025635,neg,KRAS Signaling Up,MSigDB_Hallmark_2020,0.035494113196514555,29.684225172013964
71,0.0006125303916633129,0.9003282189369202,pos,SP1 human,TRRUST_Transcription_Factors_2019,0.001082627292835237,47.693180414489525
71,0.0006125303916633129,0.9003282189369202,neg,Interferon Alpha Response,MSigDB_Hallmark_2020,8.763771333118118e-09,327.7204233457464
72,0.0005962408613413572,0.9009244441986084,pos,TNF-alpha Signaling via NF-kB,MSigDB_Hallmark_2020,4.774959008299482e-06,116.41047380303489
72,0.0005962408613413572,0.9009244441986084,neg,Response To Prostaglandin E (GO:0034695),GO_Biological_Process_2023,0.0027800009137579447,885.3932781130271
73,0.000584666442591697,0.9015091061592102,pos,Regulation Of Small GTPase Mediated Signal Transduction (GO:0051056),GO_Biological_Process_2023,0.03291751528379233,79.08009765878464
73,0.000584666442591697,0.9015091061592102,neg,Apelin signaling pathway,KEGG_2021_Human,0.0021054319605628346,83.42446215718783
74,0.0005670244572684169,0.9020761251449585,pos,Striated Muscle Contraction (GO:0006941),GO_Biological_Process_2023,0.00011685770965145821,271.6737617174621
74,0.0005670244572684169,0.9020761251449585,neg,Epithelial Mesenchymal Transition,MSigDB_Hallmark_2020,0.000233248871051923,72.93349778920441
75,0.0005507759051397443,0.9026268720626831,pos,Intermediate Filament Organization (GO:0045109),GO_Biological_Process_2023,0.006240590336847212,142.7747286438201
75,0.0005507759051397443,0.9026268720626831,neg,Integrin Cell Surface Interactions R-HSA-216083,Reactome_2022,0.0008728456654185917,150.08231117190402
76,0.0005466867587529123,0.903173565864563,pos,TNF-alpha Signaling via NF-kB,MSigDB_Hallmark_2020,0.0038953419864420067,41.45060631295679
76,0.0005466867587529123,0.903173565864563,neg,Regulation Of Angiogenesis (GO:0045765),GO_Biological_Process_2023,0.05695892272048728,53.24364261140229
77,0.0005435905186459422,0.9037171602249146,pos,Epithelial Mesenchymal Transition,MSigDB_Hallmark_2020,0.03642816880694915,29.684225172013964
77,0.0005435905186459422,0.9037171602249146,neg,Interferon Alpha Response,MSigDB_Hallmark_2020,1.355558637105695e-07,259.51326916582286
78,0.0005351024447008967,0.904252290725708,pos,TNF-alpha Signaling via NF-kB,MSigDB_Hallmark_2020,0.0026602335517164925,41.45060631295679
78,0.0005351024447008967,0.904252290725708,neg,Response To Estrogen (GO:0043627),GO_Biological_Process_2023,0.03148399611309046,188.3662067044033
79,0.0005298618925735354,0.9047821760177612,pos,"Respiratory Electron Transport, ATP Synthesis By Chemiosmotic Coupling, Heat Production By Uncoupling Proteins R-HSA-163200",Reactome_2022,0.000993053469949405,118.76495565901693
79,0.0005298618925735354,0.9047821760177612,neg,Steroid biosynthesis,KEGG_2021_Human,5.918468460258774e-06,754.3356554423916
80,0.0005246629589237273,0.9053068161010742,pos,Epithelial Mesenchymal Transition,MSigDB_Hallmark_2020,2.977789531303892e-05,93.06883213570319
80,0.0005246629589237273,0.9053068161010742,neg,Nectin/Necl Trans Heterodimerization R-HSA-420597,Reactome_2022,0.01610052925643894,776.6239908457204
81,0.0005077669629827142,0.9058145880699158,pos,Estrogen Response Late,MSigDB_Hallmark_2020,0.007600667290618549,41.45060631295679
81,0.0005077669629827142,0.9058145880699158,neg,RELA human,TRRUST_Transcription_Factors_2019,0.0007538762236605815,53.67340738981627
82,0.00048807499115355313,0.9063026905059814,pos,mTORC1 Signaling,MSigDB_Hallmark_2020,0.0013148360874761043,55.79685681599258
82,0.00048807499115355313,0.9063026905059814,neg,Epithelial Mesenchymal Transition,MSigDB_Hallmark_2020,0.03175789075477618,29.684225172013964
83,0.00048700414481572807,0.9067897200584412,pos,Signaling By FGFR1 R-HSA-5654736,Reactome_2022,0.09337982738450866,103.29659526813114
83,0.00048700414481572807,0.9067897200584412,neg,Interferon Gamma Response,MSigDB_Hallmark_2020,0.0002446268647617729,72.93349778920441
84,0.00047598229139111936,0.9072657227516174,pos,Phospholipase D signaling pathway,KEGG_2021_Human,0.013424305287739826,52.634337002102534
84,0.00047598229139111936,0.9072657227516174,neg,STAT6 mouse,TRRUST_Transcription_Factors_2019,0.07115960305433065,176.1280286078286
85,0.00047408530372194946,0.9077398180961609,pos,Herpes simplex virus 1 infection,KEGG_2021_Human,0.024770169698746358,28.46969601105985
85,0.00047408530372194946,0.9077398180961609,neg,heme Metabolism,MSigDB_Hallmark_2020,0.03642816880694915,29.684225172013964
86,0.00046762064448557794,0.9082074165344238,pos,Myogenesis,MSigDB_Hallmark_2020,0.03923033563825293,29.684225172013964
86,0.00046762064448557794,0.9082074165344238,neg,TNF-alpha Signaling via NF-kB,MSigDB_Hallmark_2020,6.664776556723301e-08,173.54680844809113
87,0.00046433438546955585,0.9086717367172241,pos,Epithelial Mesenchymal Transition,MSigDB_Hallmark_2020,0.0014878408358282233,55.79685681599258
87,0.00046433438546955585,0.9086717367172241,neg,heme Metabolism,MSigDB_Hallmark_2020,0.001349437037146528,55.79685681599258
88,0.0004579466476570815,0.9091296792030334,pos,Cholesterol Homeostasis,MSigDB_Hallmark_2020,0.0003952965259027968,123.88179542501636
88,0.0004579466476570815,0.9091296792030334,neg,Myogenesis,MSigDB_Hallmark_2020,0.007600667290618549,41.45060631295679
89,0.0004533681785687804,0.9095830321311951,pos,Hypoxia,MSigDB_Hallmark_2020,0.007220633926087622,41.45060631295679
89,0.0004533681785687804,0.9095830321311951,neg,heme Metabolism,MSigDB_Hallmark_2020,2.892709830409495e-05,93.06883213570319
90,0.0004456652677617967,0.9100286960601807,pos,Glycerophospholipid Catabolism R-HSA-6814848,Reactome_2022,0.016803462966179517,776.6239908457204
90,0.0004456652677617967,0.9100286960601807,neg,JUND human,TRRUST_Transcription_Factors_2019,0.033429384500224556,106.80126422611052
91,0.0004376517317723483,0.9104663729667664,pos,Cholesterol Biosynthesis R-HSA-191273,Reactome_2022,0.00260524920652747,293.4914392101124
91,0.0004376517317723483,0.9104663729667664,neg,NR1H4 human,TRRUST_Transcription_Factors_2019,0.07776603693191576,122.58377707877821
92,0.000432920700404793,0.91089928150177,pos,RFXANK human,TRRUST_Transcription_Factors_2019,0.022559707331439888,195.84402098106767
92,0.000432920700404793,0.91089928150177,neg,TNF-alpha Signaling via NF-kB,MSigDB_Hallmark_2020,4.774959008299482e-06,116.41047380303489
93,0.00042580821900628507,0.9113250970840454,pos,Smooth Muscle Contraction R-HSA-445355,Reactome_2022,0.00010884225674333787,305.80839613375537
93,0.00042580821900628507,0.9113250970840454,neg,CEBPA human,TRRUST_Transcription_Factors_2019,0.015993917586995282,96.67719560223861
94,0.00042059269617311656,0.9117456674575806,pos,KRAS Signaling Up,MSigDB_Hallmark_2020,0.0014186389364873756,55.79685681599258
94,0.00042059269617311656,0.9117456674575806,neg,Negative Regulation Of B Cell Proliferation (GO:0030889),GO_Biological_Process_2023,0.12392019401214291,391.61775629527256
95,0.00041655797394923866,0.9121622443199158,pos,Cholesterol Homeostasis,MSigDB_Hallmark_2020,0.0026217843338191675,82.87135728306936
95,0.00041655797394923866,0.9121622443199158,neg,TRERF1 human,TRRUST_Transcription_Factors_2019,0.0037824528190802498,776.6239908457204
96,0.0004114004841540009,0.9125736355781555,pos,Complement,MSigDB_Hallmark_2020,0.0031352752573801518,41.45060631295679
96,0.0004114004841540009,0.9125736355781555,neg,HOXB7 human,TRRUST_Transcription_Factors_2019,0.01650024322444294,391.61775629527256
97,0.00040765656740404665,0.9129812717437744,pos,Apoptosis,MSigDB_Hallmark_2020,0.008627419386955326,45.031713159299656
97,0.00040765656740404665,0.9129812717437744,neg,Herpes simplex virus 1 infection,KEGG_2021_Human,2.3627418080085806e-07,108.80601508204686
98,0.00040166376857087016,0.9133829474449158,pos,TNFs Bind Their Physiological Receptors R-HSA-5669034,Reactome_2022,0.004599413531397482,244.79950290336265
98,0.00040166376857087016,0.9133829474449158,neg,mTORC1 Signaling,MSigDB_Hallmark_2020,0.0014878408358282233,55.79685681599258
99,0.0003963274066336453,0.9137792587280273,pos,TNF-alpha Signaling via NF-kB,MSigDB_Hallmark_2020,0.00020480388677729825,72.93349778920441
99,0.0003963274066336453,0.9137792587280273,neg,Sarcomere Organization (GO:0045214),GO_Biological_Process_2023,0.01202351739318857,244.79950290336265
100,0.0003852779627777636,0.9141645431518555,pos,Herpes simplex virus 1 infection,KEGG_2021_Human,0.0005213811072547974,50.828513404506296
100,0.0003852779627777636,0.9141645431518555,neg,TNF-alpha Signaling via NF-kB,MSigDB_Hallmark_2020,0.0012802351378056805,55.79685681599258
101,0.00038123424747027457,0.9145457744598389,pos,Myogenesis,MSigDB_Hallmark_2020,0.03269194636521077,29.684225172013964
101,0.00038123424747027457,0.9145457744598389,neg,RELA human,TRRUST_Transcription_Factors_2019,2.6347959213033606e-07,138.59469761605865
102,0.0003743543929886073,0.9149201512336731,pos,NR1H2 And NR1H3-mediated Signaling R-HSA-9024446,Reactome_2022,0.04279734790281499,114.65098986831539
102,0.0003743543929886073,0.9149201512336731,neg,Cholesterol Homeostasis,MSigDB_Hallmark_2020,0.004101545838389949,82.87135728306936
103,0.0003734356432687491,0.9152935743331909,pos,HIVEP2 human,TRRUST_Transcription_Factors_2019,2.3643481603973143e-05,3183.512051346897
103,0.0003734356432687491,0.9152935743331909,neg,IL-2/STAT5 Signaling,MSigDB_Hallmark_2020,3.388293571110212e-05,93.92729294376404
104,0.0003709320444613695,0.9156644940376282,pos,Signaling By MST1 R-HSA-8852405,Reactome_2022,0.12240636282605781,462.10284137848555
104,0.0003709320444613695,0.9156644940376282,neg,STAT4 human,TRRUST_Transcription_Factors_2019,0.020988772562511835,330.92884130781977
105,0.0003644324897322804,0.9160289168357849,pos,Striated Muscle Contraction (GO:0006941),GO_Biological_Process_2023,3.080243994064074e-07,490.99888609373613
105,0.0003644324897322804,0.9160289168357849,neg,Protein Localization To Membrane (GO:0072657),GO_Biological_Process_2023,0.031291091683605755,60.25300774663434
106,0.00036261408240534365,0.9163915514945984,pos,Cholesterol Homeostasis,MSigDB_Hallmark_2020,0.003710922425209954,82.87135728306936
106,0.00036261408240534365,0.9163915514945984,neg,TNF-alpha Signaling via NF-kB,MSigDB_Hallmark_2020,3.1479489330926854e-05,93.06883213570319
107,0.00035810109693557024,0.9167496562004089,pos,Fatty Acid Metabolism,MSigDB_Hallmark_2020,0.008365535568977182,46.64055791195152
107,0.00035810109693557024,0.9167496562004089,neg,Estrogen Response Early,MSigDB_Hallmark_2020,0.035494113196514555,29.684225172013964
108,0.0003537410229910165,0.9171034097671509,pos,Cholesterol Biosynthesis R-HSA-191273,Reactome_2022,1.940414302425229e-06,721.4426130512456
108,0.0003537410229910165,0.9171034097671509,neg,Metallothioneins Bind Metals R-HSA-5661231,Reactome_2022,2.3601803229568995e-05,1437.1155985372875
109,0.00035070773446932435,0.9174541234970093,pos,Cholesterol Homeostasis,MSigDB_Hallmark_2020,0.03066223590830142,51.61934285779443
109,0.00035070773446932435,0.9174541234970093,neg,Inflammatory Response,MSigDB_Hallmark_2020,0.007220633926087622,41.45060631295679
110,0.0003488996298983693,0.9178030490875244,pos,Glutathione metabolism,KEGG_2021_Human,0.03786661663657916,80.33988011860673
110,0.0003488996298983693,0.9178030490875244,neg,Cholesterol Homeostasis,MSigDB_Hallmark_2020,2.7550933184798582e-05,175.79196778707703
111,0.0003454996913205832,0.9181485772132874,pos,Coagulation,MSigDB_Hallmark_2020,0.014024827810472098,41.573491226182306
111,0.0003454996913205832,0.9181485772132874,neg,Epithelial Mesenchymal Transition,MSigDB_Hallmark_2020,0.030823835144341588,29.684225172013964
112,0.00034125198726542294,0.9184898138046265,pos,FOXF2 human,TRRUST_Transcription_Factors_2019,0.005369372008743235,593.3776232841345
112,0.00034125198726542294,0.9184898138046265,neg,Regulation Of Respiratory Burst (GO:0060263),GO_Biological_Process_2023,0.002148182524267503,885.3932781130271
113,0.0003356620145495981,0.9188254475593567,pos,ECM-receptor interaction,KEGG_2021_Human,0.005793592673242313,92.30726282845026
113,0.0003356620145495981,0.9188254475593567,neg,TNF-alpha Signaling via NF-kB,MSigDB_Hallmark_2020,0.0006401175689028403,55.79685681599258
114,0.00033391136093996465,0.9191593527793884,pos,Cholesterol Homeostasis,MSigDB_Hallmark_2020,0.003613266571914955,82.87135728306936
114,0.00033391136093996465,0.9191593527793884,neg,Myogenesis,MSigDB_Hallmark_2020,0.007980700655149477,41.45060631295679
115,0.00032978662056848407,0.9194891452789307,pos,Defective HDR Thru Homologous Recombination (HRR) Due To BRCA1 Loss-Of-Function R-HSA-9701192,Reactome_2022,0.029108516692534663,176.26230732641343
115,0.00032978662056848407,0.9194891452789307,neg,Skeletal Muscle Contraction (GO:0003009),GO_Biological_Process_2023,0.0009391632082558593,501.12759744627596
116,0.0003275810449849814,0.9198167324066162,pos,Chemokine Receptors Bind Chemokines R-HSA-380108,Reactome_2022,0.010807887225648651,132.26100624841683
116,0.0003275810449849814,0.9198167324066162,neg,Cholesterol Biosynthesis R-HSA-191273,Reactome_2022,0.0022255367715680006,293.4914392101124
117,0.00031973994919098914,0.9201364517211914,pos,NR1H2 And NR1H3-mediated Signaling R-HSA-9024446,Reactome_2022,0.00018284240635978725,273.3824888472053
117,0.00031973994919098914,0.9201364517211914,neg,Cholesterol Homeostasis,MSigDB_Hallmark_2020,0.012142722935649716,51.61934285779443
118,0.0003189965500496328,0.9204554557800293,pos,MEN1 mouse,TRRUST_Transcription_Factors_2019,0.13408253402607895,162.17255858986445
118,0.0003189965500496328,0.9204554557800293,neg,Blood Vessel Diameter Maintenance (GO:0097746),GO_Biological_Process_2023,0.3450511382287336,97.29780799156961
119,0.00031454424606636167,0.920769989490509,pos,Skeletal Muscle Contraction (GO:0003009),GO_Biological_Process_2023,0.020449687452441235,277.4179092680899
119,0.00031454424606636167,0.920769989490509,neg,Herpes simplex virus 1 infection,KEGG_2021_Human,0.008029269233599357,35.008055151128175
120,0.0003112767299171537,0.9210812449455261,pos,EPAS1 mouse,TRRUST_Transcription_Factors_2019,0.41874519697562734,89.6077061786221
120,0.0003112767299171537,0.9210812449455261,neg,TNF-alpha Signaling via NF-kB,MSigDB_Hallmark_2020,4.774959008299482e-06,116.41047380303489
121,0.00030956475529819727,0.9213908314704895,pos,Epithelial Mesenchymal Transition,MSigDB_Hallmark_2020,0.004377315123302014,41.45060631295679
121,0.00030956475529819727,0.9213908314704895,neg,IL-2/STAT5 Signaling,MSigDB_Hallmark_2020,0.0013593690950002937,56.32800551313
122,0.00030863803112879395,0.9216994643211365,pos,Regulation Of Astrocyte Differentiation (GO:0048710),GO_Biological_Process_2023,0.11777747657728065,330.92884130781977
122,0.00030863803112879395,0.9216994643211365,neg,Cholesterol Biosynthesis R-HSA-191273,Reactome_2022,0.054572011498566324,165.32046257631316
123,0.0003067317884415388,0.9220061898231506,pos,Coagulation,MSigDB_Hallmark_2020,0.0030408201138673752,59.79495580990984
123,0.0003067317884415388,0.9220061898231506,neg,Regulation Of Dendritic Cell Differentiation (GO:2001198),GO_Biological_Process_2023,0.1431143544977194,391.61775629527256
124,0.0003027700586244464,0.9223089814186096,pos,Xenobiotic Catabolic Process (GO:0042178),GO_Biological_Process_2023,0.040791138457729297,277.4179092680899
124,0.0003027700586244464,0.9223089814186096,neg,NFIC mouse,TRRUST_Transcription_Factors_2019,0.01501386650457051,330.92884130781977
125,0.000300444575259462,0.9226094484329224,pos,Cholesterol Homeostasis,MSigDB_Hallmark_2020,0.00038610358343994105,123.88179542501636
125,0.000300444575259462,0.9226094484329224,neg,Xenobiotic Metabolism,MSigDB_Hallmark_2020,0.05558780549621884,20.28300352206346
126,0.00029802191420458257,0.9229074716567993,pos,SP1 human,TRRUST_Transcription_Factors_2019,0.2704396063800927,11.74904234184127
126,0.00029802191420458257,0.9229074716567993,neg,IRF1 human,TRRUST_Transcription_Factors_2019,0.022452999689435687,96.67719560223861
127,0.0002967962936963886,0.923204243183136,pos,Myogenesis,MSigDB_Hallmark_2020,0.007600667290618549,41.45060631295679
127,0.0002967962936963886,0.923204243183136,neg,TNF-alpha Signaling via NF-kB,MSigDB_Hallmark_2020,0.019148140013909166,29.684225172013964
128,0.0002963932929560542,0.923500657081604,pos,NR1H2 And NR1H3-mediated Signaling R-HSA-9024446,Reactome_2022,0.0029207000870277466,183.13447867430412
128,0.0002963932929560542,0.923500657081604,neg,Mitochondrial Ribosome Assembly (GO:0061668),GO_Biological_Process_2023,0.07369384256915508,474.45791686900793
129,0.00029201857978478074,0.9237926602363586,pos,Herpes simplex virus 1 infection,KEGG_2021_Human,4.404845227818649e-08,123.98033637546719
129,0.00029201857978478074,0.9237926602363586,neg,Fluid shear stress and atherosclerosis,KEGG_2021_Human,0.0002793138529037153,108.2384888583517
130,0.00028875237330794334,0.9240813851356506,pos,Peptide Cross-Linking (GO:0018149),GO_Biological_Process_2023,0.17419603186268295,155.44809947118515
130,0.00028875237330794334,0.9240813851356506,neg,Low-Density Lipoprotein Particle Remodeling (GO:0034374),GO_Biological_Process_2023,0.15105821591383572,284.75776049641166
131,0.0002872574550565332,0.9243686199188232,pos,Oxygen Transport (GO:0015671),GO_Biological_Process_2023,0.001838330852901805,885.3932781130271
131,0.0002872574550565332,0.9243686199188232,neg,Reverse Cholesterol Transport (GO:0043691),GO_Biological_Process_2023,0.0199792634397363,371.4740483715657
132,0.00028645124984905124,0.9246550798416138,pos,Skeletal Muscle Contraction (GO:0003009),GO_Biological_Process_2023,0.0007957557142151306,501.12759744627596
132,0.00028645124984905124,0.9246550798416138,neg,Graft-versus-host disease,KEGG_2021_Human,9.009617921406406e-07,452.64739011158383
133,0.00028354721143841743,0.9249386191368103,pos,RELA human,TRRUST_Transcription_Factors_2019,0.27181705768593356,17.90236753353007
133,0.00028354721143841743,0.9249386191368103,neg,Metallothioneins Bind Metals R-HSA-5661231,Reactome_2022,1.6362243019080632e-05,1437.1155985372875
134,0.0002825663541443646,0.9252212047576904,pos,Serine Family Amino Acid Metabolic Process (GO:0009069),GO_Biological_Process_2023,0.010686421743534428,469.32550127312595
134,0.0002825663541443646,0.9252212047576904,neg,Epithelial Mesenchymal Transition,MSigDB_Hallmark_2020,0.033626001975645366,29.684225172013964
135,0.00028215281781740487,0.9255033731460571,pos,Arrhythmogenic right ventricular cardiomyopathy,KEGG_2021_Human,0.022311879919219603,77.4503375178538
135,0.00028215281781740487,0.9255033731460571,neg,PPAR signaling pathway,KEGG_2021_Human,0.0018293955501082922,123.88179542501636
136,0.00028039098833687603,0.9257837533950806,pos,Activation Of Matrix Metalloproteinases R-HSA-1592389,Reactome_2022,0.09267548430476588,112.12252948199962
136,0.00028039098833687603,0.9257837533950806,neg,Herpes simplex virus 1 infection,KEGG_2021_Human,1.149443841057105e-06,94.89551747777861
137,0.0002784566313493997,0.9260622262954712,pos,Xenobiotic Catabolic Process (GO:0042178),GO_Biological_Process_2023,0.047745693211178226,277.4179092680899
137,0.0002784566313493997,0.9260622262954712,neg,Neuronal Ion Channel Clustering (GO:0045161),GO_Biological_Process_2023,0.060179496177201405,593.3776232841345
138,0.00027525797486305237,0.926337480545044,pos,Cholesterol Biosynthesis R-HSA-191273,Reactome_2022,9.598597564259927e-05,474.90568175648224
138,0.00027525797486305237,0.926337480545044,neg,Xenobiotic Catabolic Process (GO:0042178),GO_Biological_Process_2023,0.032131380375309715,277.4179092680899
139,0.00027309340657666326,0.9266105890274048,pos,Cholesterol Homeostasis,MSigDB_Hallmark_2020,0.004101545838389949,82.87135728306936
139,0.00027309340657666326,0.9266105890274048,neg,Intermediate Filament Organization (GO:0045109),GO_Biological_Process_2023,0.0064541664669062575,142.7747286438201
140,0.0002713488647714257,0.9268819093704224,pos,Inflammatory Response,MSigDB_Hallmark_2020,0.03829628002781833,29.684225172013964
140,0.0002713488647714257,0.9268819093704224,neg,Striated Muscle Contraction R-HSA-390522,Reactome_2022,0.13256190968429177,112.12252948199962
141,0.000268845004029572,0.9271507263183594,pos,Fatty acid degradation,KEGG_2021_Human,0.009303144370193849,128.110862510313
141,0.000268845004029572,0.9271507263183594,neg,PRDM1 mouse,TRRUST_Transcription_Factors_2019,0.14754901035986284,117.00004466783103
142,0.00026808641268871725,0.9274188280105591,pos,Metabolism of xenobiotics by cytochrome P450,KEGG_2021_Human,0.0009567421058134294,118.43521951233538
142,0.00026808641268871725,0.9274188280105591,neg,Cellular Response To Zinc Ion (GO:0071294),GO_Biological_Process_2023,4.957090727096642e-06,1310.0878886918517
143,0.00026679577422328293,0.9276856184005737,pos,"Negative Regulation Of CD4-positive, Alpha-Beta T Cell Proliferation (GO:2000562)",GO_Biological_Process_2023,0.02194798677541217,1091.0444080855816
143,0.00026679577422328293,0.9276856184005737,neg,Glyoxylate and dicarboxylate metabolism,KEGG_2021_Human,0.0390431463205224,130.93747995826848
144,0.0002659425954334438,0.9279515743255615,pos,Cholesterol Homeostasis,MSigDB_Hallmark_2020,0.004199201691684948,82.87135728306936
144,0.0002659425954334438,0.9279515743255615,neg,Reverse Cholesterol Transport (GO:0043691),GO_Biological_Process_2023,0.018789830218062537,371.4740483715657
145,0.00026254175463691354,0.9282141327857971,pos,Regulation Of Endocytosis (GO:0030100),GO_Biological_Process_2023,0.06847216809035264,100.5341834341029
145,0.00026254175463691354,0.9282141327857971,neg,NR1H2 And NR1H3 Regulate Gene Expression To Limit Cholesterol Uptake R-HSA-9031525,Reactome_2022,0.003523402534803194,1740.0227480112783
146,0.00025994516909122467,0.9284740686416626,pos,Epithelial Mesenchymal Transition,MSigDB_Hallmark_2020,0.007220633926087622,41.45060631295679
146,0.00025994516909122467,0.9284740686416626,neg,Coagulation,MSigDB_Hallmark_2020,0.017747056598257278,41.573491226182306
147,0.00025936486781574786,0.9287334084510803,pos,Propanoate metabolism,KEGG_2021_Human,0.061193002249503185,106.80126422611052
147,0.00025936486781574786,0.9287334084510803,neg,SRF mouse,TRRUST_Transcription_Factors_2019,0.00264139339193493,277.4179092680899
148,0.0002582424785941839,0.9289916753768921,pos,Herpes simplex virus 1 infection,KEGG_2021_Human,0.04236593568217869,22.77673740660482
148,0.0002582424785941839,0.9289916753768921,neg,Glutathione Conjugation R-HSA-156590,Reactome_2022,0.0005445865393168913,274.6176998194445
149,0.00025753999943844974,0.9292492270469666,pos,TNF-alpha Signaling via NF-kB,MSigDB_Hallmark_2020,0.027015561368647717,29.684225172013964
149,0.00025753999943844974,0.9292492270469666,neg,Neuron Projection Morphogenesis (GO:0048812),GO_Biological_Process_2023,0.12304512583349952,53.9639624742751
150,0.00025608818395994604,0.9295052886009216,pos,Antigen processing and presentation,KEGG_2021_Human,0.0016963272868199795,113.34891391093362
150,0.00025608818395994604,0.9295052886009216,neg,Positive Regulation Of Phospholipid Transport (GO:2001140),GO_Biological_Process_2023,0.11976707156789536,391.61775629527256
151,0.00025562095106579363,0.9297609329223633,pos,PPARA mouse,TRRUST_Transcription_Factors_2019,0.11173748957803598,65.05902796595161
151,0.00025562095106579363,0.9297609329223633,neg,FOXO1 mouse,TRRUST_Transcription_Factors_2019,0.18078457972565476,58.58197746978076
152,0.00025414227275177836,0.9300150871276855,pos,Negative Regulation Of Leukocyte Degranulation (GO:0043301),GO_Biological_Process_2023,0.029425221849894857,593.3776232841345
152,0.00025414227275177836,0.9300150871276855,neg,Bile Acid Metabolism,MSigDB_Hallmark_2020,0.004840217231666155,60.645052278137086
153,0.00025255573564209044,0.9302676320075989,pos,Herpes simplex virus 1 infection,KEGG_2021_Human,0.007725459046382084,35.008055151128175
153,0.00025255573564209044,0.9302676320075989,neg,RUNX1 human,TRRUST_Transcription_Factors_2019,0.006733803879090731,144.26943679538044
154,0.0002510493213776499,0.9305186867713928,pos,mTORC1 Signaling,MSigDB_Hallmark_2020,0.03736222441738374,29.684225172013964
154,0.0002510493213776499,0.9305186867713928,neg,Herpes simplex virus 1 infection,KEGG_2021_Human,0.027231801470050342,28.46969601105985
155,0.00025052213459275663,0.9307692050933838,pos,NAD Metabolic Process (GO:0019674),GO_Biological_Process_2023,0.06397755637900288,217.428716911634
155,0.00025052213459275663,0.9307692050933838,neg,NFIC mouse,TRRUST_Transcription_Factors_2019,0.01654589369891444,330.92884130781977
156,0.0002466018486302346,0.9310157895088196,pos,Herpes simplex virus 1 infection,KEGG_2021_Human,0.01538519857064991,28.46969601105985
156,0.0002466018486302346,0.9310157895088196,neg,TNF-alpha Signaling via NF-kB,MSigDB_Hallmark_2020,0.03923033563825293,29.684225172013964
157,0.0002451474720146507,0.9312609434127808,pos,High-Density Lipoprotein Particle Remodeling (GO:0034375),GO_Biological_Process_2023,0.2217733710101096,195.84402098106767
157,0.0002451474720146507,0.9312609434127808,neg,Bile Acid Metabolism,MSigDB_Hallmark_2020,0.1560655902099549,24.65647950040891
158,0.00024445701274089515,0.9315053820610046,pos,Glutathione Conjugation R-HSA-156590,Reactome_2022,0.1846312594885851,97.29780799156961
158,0.00024445701274089515,0.9315053820610046,neg,Serine Family Amino Acid Biosynthetic Process (GO:0009070),GO_Biological_Process_2023,0.09250328296709291,391.61775629527256
159,0.00024312765162903816,0.9317485094070435,pos,Metallothioneins Bind Metals R-HSA-5661231,Reactome_2022,1.8329059954878048e-05,1437.1155985372875
159,0.00024312765162903816,0.9317485094070435,neg,Epithelial Mesenchymal Transition,MSigDB_Hallmark_2020,0.007600667290618549,41.45060631295679
160,0.0002424698614049703,0.9319909811019897,pos,Xenobiotic Catabolic Process (GO:0042178),GO_Biological_Process_2023,0.04008899591050609,277.4179092680899
160,0.0002424698614049703,0.9319909811019897,neg,KRAS Signaling Up,MSigDB_Hallmark_2020,0.03829628002781833,29.684225172013964
161,0.0002407150313956663,0.9322317242622375,pos,Neutrophil Degranulation R-HSA-6798695,Reactome_2022,0.11554637381924683,26.31042275665032
161,0.0002407150313956663,0.9322317242622375,neg,Epithelial Mesenchymal Transition,MSigDB_Hallmark_2020,0.006840600561556694,41.45060631295679
162,0.00023932319891173393,0.9324710369110107,pos,CEBPA human,TRRUST_Transcription_Factors_2019,0.12428659805020542,54.800896273673075
162,0.00023932319891173393,0.9324710369110107,neg,IL-2/STAT5 Signaling,MSigDB_Hallmark_2020,0.03798034593299031,29.97968028880589
163,0.00023827262339182198,0.9327093362808228,pos,Peptide Cross-Linking (GO:0018149),GO_Biological_Process_2023,0.14762299775238027,155.44809947118515
163,0.00023827262339182198,0.9327093362808228,neg,Xenobiotic Metabolism,MSigDB_Hallmark_2020,0.030823835144341588,29.684225172013964
164,0.00023530577891506255,0.932944655418396,pos,RHO GTPases Activate ROCKs R-HSA-5627117,Reactome_2022,0.006745459383269069,277.4179092680899
164,0.00023530577891506255,0.932944655418396,neg,Diseases Associated With Surfactant Metabolism R-HSA-5687613,Reactome_2022,0.03182054738528379,474.45791686900793
165,0.0002350151917198673,0.9331796765327454,pos,mTORC1 Signaling,MSigDB_Hallmark_2020,0.0013840379868169518,55.79685681599258
165,0.0002350151917198673,0.9331796765327454,neg,IL-2/STAT5 Signaling,MSigDB_Hallmark_2020,0.030745994326706442,29.97968028880589
166,0.00023405966931022704,0.9334137439727783,pos,Glutathione Conjugation R-HSA-156590,Reactome_2022,0.014993035643461881,171.49530707153963
166,0.00023405966931022704,0.9334137439727783,neg,Staphylococcus aureus infection,KEGG_2021_Human,0.16921333409031106,33.29101085304574
167,0.00023291703837458044,0.9336466789245605,pos,Nitric Oxide Stimulates Guanylate Cyclase R-HSA-392154,Reactome_2022,0.024091264086558244,234.8100391955592
167,0.00023291703837458044,0.9336466789245605,neg,STAT5A mouse,TRRUST_Transcription_Factors_2019,0.10092183565127574,85.59397680666795
168,0.0002316106838406995,0.9338783025741577,pos,Phagosome,KEGG_2021_Human,0.02519726615257421,50.112098919165376
168,0.0002316106838406995,0.9338783025741577,neg,High-Density Lipoprotein Particle Remodeling (GO:0034375),GO_Biological_Process_2023,0.270606941192525,195.84402098106767
169,0.00023031746968626976,0.9341086149215698,pos,HIVEP2 human,TRRUST_Transcription_Factors_2019,0.0019076827838154565,1091.0444080855816
169,0.00023031746968626976,0.9341086149215698,neg,Bundle Of His cell-Purkinje Myocyte Adhesion Involved In Cell Communication (GO:0086073),GO_Biological_Process_2023,0.006718640376669924,1740.0227480112783
170,0.00022854114649817348,0.9343371391296387,pos,Metallothioneins Bind Metals R-HSA-5661231,Reactome_2022,0.0012487919396464034,733.2413213987782
170,0.00022854114649817348,0.9343371391296387,neg,Negative Regulation Of Protein Kinase Activity (GO:0006469),GO_Biological_Process_2023,0.2078638202408284,61.55092569534927
171,0.0002280876215081662,0.9345652461051941,pos,Cholesterol Homeostasis,MSigDB_Hallmark_2020,0.1177543299419293,28.991376259941838
171,0.0002280876215081662,0.9345652461051941,neg,Herpes simplex virus 1 infection,KEGG_2021_Human,0.08608117199111047,22.77673740660482
172,0.00022607851133216172,0.9347913265228271,pos,Herpes simplex virus 1 infection,KEGG_2021_Human,2.416252496941048e-05,70.65229030963722
172,0.00022607851133216172,0.9347913265228271,neg,Phospholipid Homeostasis (GO:0055091),GO_Biological_Process_2023,0.13730796645694787,284.75776049641166
173,0.00022553675808012486,0.9350168704986572,pos,p53 Pathway,MSigDB_Hallmark_2020,0.02461417813587903,29.684225172013964
173,0.00022553675808012486,0.9350168704986572,neg,heme Metabolism,MSigDB_Hallmark_2020,0.1504938148800071,20.28300352206346
174,0.00022492014977615327,0.9352418184280396,pos,Herpes simplex virus 1 infection,KEGG_2021_Human,0.0019616113160588903,42.44374713238426
174,0.00022492014977615327,0.9352418184280396,neg,Herpes simplex virus 1 infection,KEGG_2021_Human,0.00048434310510008503,50.828513404506296
175,0.00022438135056290776,0.9354661703109741,pos,GATA1 human,TRRUST_Transcription_Factors_2019,0.15562054868165776,45.45460491125239
175,0.00022438135056290776,0.9354661703109741,neg,Serine Family Amino Acid Metabolic Process (GO:0009069),GO_Biological_Process_2023,0.010318234103631141,469.32550127312595
176,0.0002230615064036101,0.9356892108917236,pos,Positive Regulation Of Stress Fiber Assembly (GO:0051496),GO_Biological_Process_2023,0.0048577604069579994,204.6962509645269
176,0.0002230615064036101,0.9356892108917236,neg,Myogenesis,MSigDB_Hallmark_2020,0.03456005758607996,29.684225172013964
177,0.00022220883693080395,0.9359114170074463,pos,UV Response Dn,MSigDB_Hallmark_2020,0.18076322578804938,15.239735042336033
177,0.00022220883693080395,0.9359114170074463,neg,MYCN mouse,TRRUST_Transcription_Factors_2019,0.3012896686613456,162.17255858986445
178,0.0002208960213465616,0.9361323118209839,pos,Interferon Alpha/Beta Signaling R-HSA-909733,Reactome_2022,0.04940425818341919,86.81333560855745
178,0.0002208960213465616,0.9361323118209839,neg,IL-2/STAT5 Signaling,MSigDB_Hallmark_2020,0.1177543299419293,20.490924669981364
179,0.0002203563490184024,0.9363526701927185,pos,Herpes simplex virus 1 infection,KEGG_2021_Human,0.006336612476245979,35.008055151128175
179,0.0002203563490184024,0.9363526701927185,neg,IL-2/STAT5 Signaling,MSigDB_Hallmark_2020,0.034363170129848374,29.97968028880589
180,0.00021916083642281592,0.9365718364715576,pos,Metabolism of xenobiotics by cytochrome P450,KEGG_2021_Human,0.011182218706763702,79.19587272258161
180,0.00021916083642281592,0.9365718364715576,neg,DNMT3A human,TRRUST_Transcription_Factors_2019,0.00981529322332137,474.45791686900793
181,0.00021889667550567538,0.9367907047271729,pos,Cholesterol metabolism,KEGG_2021_Human,0.030204686897414606,99.9010527744165
181,0.00021889667550567538,0.9367907047271729,neg,Inflammatory Response,MSigDB_Hallmark_2020,0.007600667290618549,41.45060631295679
182,0.0002165601763408631,0.9370072484016418,pos,Regulation Of Calcium Ion-Dependent Exocytosis (GO:0017158),GO_Biological_Process_2023,0.17283952477504771,146.50278000651662
182,0.0002165601763408631,0.9370072484016418,neg,NR1H3 mouse,TRRUST_Transcription_Factors_2019,0.040470641188875354,159.51916044937724
183,0.0002159329887945205,0.9372231960296631,pos,3'-Phosphoadenosine 5'-Phosphosulfate Metabolic Process (GO:0050427),GO_Biological_Process_2023,0.18436348676568698,195.84402098106767
183,0.0002159329887945205,0.9372231960296631,neg,Glutathione metabolism,KEGG_2021_Human,0.0030169341970068203,128.42832253074832
184,0.0002148162602679804,0.9374380111694336,pos,Apoptosis,MSigDB_Hallmark_2020,0.0001987700945493813,83.28702146805132
184,0.0002148162602679804,0.9374380111694336,neg,Herpes simplex virus 1 infection,KEGG_2021_Human,0.07895018732912498,22.77673740660482
185,0.00021446915343403816,0.9376524686813354,pos,NFKB1 mouse,TRRUST_Transcription_Factors_2019,0.18933535788871006,20.28300352206346
185,0.00021446915343403816,0.9376524686813354,neg,Estrogen Response Early,MSigDB_Hallmark_2020,0.0002104928836322232,72.93349778920441
186,0.00021316677157301456,0.9378656148910522,pos,Negative Regulation Of Lens Fiber Cell Differentiation (GO:1902747),GO_Biological_Process_2023,0.00906631060389063,1740.0227480112783
186,0.00021316677157301456,0.9378656148910522,neg,Glutathione Conjugation R-HSA-156590,Reactome_2022,0.012484907004221045,171.49530707153963
187,0.00021227206161711365,0.9380778670310974,pos,Smooth Muscle Contraction R-HSA-445355,Reactome_2022,0.02897754106395599,128.110862510313
187,0.00021227206161711365,0.9380778670310974,neg,NR1H3 mouse,TRRUST_Transcription_Factors_2019,0.0025025878508013136,334.7923648041761
188,0.00021147321967873722,0.9382893443107605,pos,Type I diabetes mellitus,KEGG_2021_Human,0.012236455855313202,128.110862510313
188,0.00021147321967873722,0.9382893443107605,neg,Xenobiotic Catabolic Process (GO:0042178),GO_Biological_Process_2023,0.03707981356526376,277.4179092680899
189,0.00021069632202852517,0.9385000467300415,pos,KRAS Signaling Up,MSigDB_Hallmark_2020,0.03269194636521077,29.684225172013964
189,0.00021069632202852517,0.9385000467300415,neg,NR0B2 human,TRRUST_Transcription_Factors_2019,0.16445566779693044,197.36590289038227
190,0.00020940304966643453,0.9387094378471375,pos,Nectin/Necl Trans Heterodimerization R-HSA-420597,Reactome_2022,0.012719752842924734,776.6239908457204
190,0.00020940304966643453,0.9387094378471375,neg,Angiogenesis,MSigDB_Hallmark_2020,0.1875878110305204,47.43230522818489
191,0.0002089642803184688,0.93891841173172,pos,Immunoregulatory Interactions Between A Lymphoid And A non-Lymphoid Cell R-HSA-198933,Reactome_2022,0.10311845985889853,51.287895040397274
191,0.0002089642803184688,0.93891841173172,neg,ELF1 human,TRRUST_Transcription_Factors_2019,0.16494814609135788,162.17255858986445
192,0.00020870787557214499,0.9391271471977234,pos,IL-2/STAT5 Signaling,MSigDB_Hallmark_2020,0.03526746408063386,29.97968028880589
192,0.00020870787557214499,0.9391271471977234,neg,Herpes simplex virus 1 infection,KEGG_2021_Human,0.00170924026954839,42.44374713238426
193,0.00020696419232990593,0.9393340945243835,pos,Iron Coordination Entity Transport (GO:1901678),GO_Biological_Process_2023,0.01025960462613492,1740.0227480112783
193,0.00020696419232990593,0.9393340945243835,neg,TNF-alpha Signaling via NF-kB,MSigDB_Hallmark_2020,0.03456005758607996,29.684225172013964
194,0.00020682303875219077,0.9395409226417542,pos,Glutathione metabolism,KEGG_2021_Human,0.28239576285270457,45.45460491125239
194,0.00020682303875219077,0.9395409226417542,neg,Carboxyterminal Post-Translational Modifications Of Tubulin R-HSA-8955332,Reactome_2022,0.02931154297408629,138.53816081158314
195,0.00020636602130252868,0.9397472739219666,pos,Epithelial Mesenchymal Transition,MSigDB_Hallmark_2020,0.13015681286919534,20.28300352206346
195,0.00020636602130252868,0.9397472739219666,neg,NADH Metabolic Process (GO:0006734),GO_Biological_Process_2023,0.03886219223851478,776.6239908457204
196,0.0002046607987722382,0.9399519562721252,pos,Xenobiotic Catabolic Process (GO:0042178),GO_Biological_Process_2023,0.3710921292014776,133.17348392535672
196,0.0002046607987722382,0.9399519562721252,neg,HIVEP2 human,TRRUST_Transcription_Factors_2019,0.0019076827838154565,1091.0444080855816
197,0.0002038912643911317,0.9401558637619019,pos,Cholesterol Homeostasis,MSigDB_Hallmark_2020,0.031538299791395746,51.61934285779443
197,0.0002038912643911317,0.9401558637619019,neg,FOXF2 human,TRRUST_Transcription_Factors_2019,0.003455536441270399,593.3776232841345
198,0.00020249410590622574,0.9403583407402039,pos,IL-2/STAT5 Signaling,MSigDB_Hallmark_2020,0.2633978432911577,13.163876618045636
198,0.00020249410590622574,0.9403583407402039,neg,Collagen Degradation R-HSA-1442490,Reactome_2022,4.4539723486650975e-05,344.9973314485049
199,0.00020133798534516245,0.9405596852302551,pos,BCL3 mouse,TRRUST_Transcription_Factors_2019,0.05496365058932627,195.84402098106767
199,0.00020133798534516245,0.9405596852302551,neg,Xenobiotic Catabolic Process (GO:0042178),GO_Biological_Process_2023,0.037514473237354316,277.4179092680899
200,0.00020062817202415317,0.9407603144645691,pos,Serine Biosynthesis R-HSA-977347,Reactome_2022,0.027576489498190734,474.45791686900793
200,0.00020062817202415317,0.9407603144645691,neg,Negative Regulation Of Platelet Activation (GO:0010544),GO_Biological_Process_2023,0.015807151893645757,415.53894085341443
201,0.00020048031001351774,0.9409608244895935,pos,GATA6 mouse,TRRUST_Transcription_Factors_2019,0.05701453307400262,195.84402098106767
201,0.00020048031001351774,0.9409608244895935,neg,Bacterial invasion of epithelial cells,KEGG_2021_Human,0.20453622715526149,48.195965780270626
202,0.00019970261200796813,0.9411605000495911,pos,Intestinal immune network for IgA production,KEGG_2021_Human,0.0210182150585861,106.87691096820599
202,0.00019970261200796813,0.9411605000495911,neg,Regulation Of Cellular Component Organization (GO:0051128),GO_Biological_Process_2023,0.023449966454012525,68.39913351408214
203,0.00019883803906850517,0.9413593411445618,pos,GFI1B mouse,TRRUST_Transcription_Factors_2019,0.27276526581264976,162.17255858986445
203,0.00019883803906850517,0.9413593411445618,neg,Acylglycerol Catabolic Process (GO:0046464),GO_Biological_Process_2023,0.10365583767811545,188.4459421090328
204,0.0001977229694603011,0.9415570497512817,pos,LMX1B human,TRRUST_Transcription_Factors_2019,0.09157495937776997,326.6206097208578
204,0.0001977229694603011,0.9415570497512817,neg,Bile Acid Metabolism,MSigDB_Hallmark_2020,0.19911816681959763,24.65647950040891
205,0.00019731512293219566,0.9417543411254883,pos,Glycolysis,MSigDB_Hallmark_2020,0.03829628002781833,29.684225172013964
205,0.00019731512293219566,0.9417543411254883,neg,MEIS2 mouse,TRRUST_Transcription_Factors_2019,0.1962320558095071,326.6206097208578
206,0.0001964437833521515,0.941950798034668,pos,USF2 mouse,TRRUST_Transcription_Factors_2019,0.3026743972575547,79.67795051677446
206,0.0001964437833521515,0.941950798034668,neg,Vascular smooth muscle contraction,KEGG_2021_Human,0.3780736943275669,29.264994812787858
207,0.0001953093451447785,0.9421461224555969,pos,RUNX3 human,TRRUST_Transcription_Factors_2019,0.02147373047628732,130.93747995826848
207,0.0001953093451447785,0.9421461224555969,neg,Herpes simplex virus 1 infection,KEGG_2021_Human,0.00047579587383361294,50.828513404506296
208,0.00019427546067163348,0.9423403739929199,pos,Serine Family Amino Acid Catabolic Process (GO:0009071),GO_Biological_Process_2023,0.04317937462356296,474.45791686900793
208,0.00019427546067163348,0.9423403739929199,neg,Metallothioneins Bind Metals R-HSA-5661231,Reactome_2022,0.06909442646491122,330.92884130781977
209,0.00019364799663890153,0.9425340294837952,pos,Fluid shear stress and atherosclerosis,KEGG_2021_Human,0.09746879468908319,41.02239618130867
209,0.00019364799663890153,0.9425340294837952,neg,SRF mouse,TRRUST_Transcription_Factors_2019,0.08285646275147245,133.17348392535672
210,0.0001928517740452662,0.9427269101142883,pos,Positive Regulation Of Cholesterol Efflux (GO:0010875),GO_Biological_Process_2023,0.06903166006212257,217.428716911634
210,0.0001928517740452662,0.9427269101142883,neg,Metallothioneins Bind Metals R-HSA-5661231,Reactome_2022,1.5190522291371534e-05,1437.1155985372875
211,0.0001918799534905702,0.9429187774658203,pos,RUNX1 Regulates Transcription Of Genes Involved In Differentiation Of Keratinocytes R-HSA-8939242,Reactome_2022,0.019829462962982443,593.3776232841345
211,0.0001918799534905702,0.9429187774658203,neg,TNF-alpha Signaling via NF-kB,MSigDB_Hallmark_2020,0.033626001975645366,29.684225172013964
212,0.0001913586020236835,0.9431101083755493,pos,Activation Of Matrix Metalloproteinases R-HSA-1592389,Reactome_2022,0.11410911320371274,112.12252948199962
212,0.0001913586020236835,0.9431101083755493,neg,Metabolism Of Fat-Soluble Vitamins R-HSA-6806667,Reactome_2022,0.0031646757055488893,176.74686266062798
213,0.00019126730330754071,0.9433013796806335,pos,NFATC2 mouse,TRRUST_Transcription_Factors_2019,0.07191643954348438,113.31096080850561
213,0.00019126730330754071,0.9433013796806335,neg,PPARD human,TRRUST_Transcription_Factors_2019,0.21236160672699206,136.4820277236255
214,0.00019030735711567104,0.9434916973114014,pos,"Negative Regulation Of CD4-positive, Alpha-Beta T Cell Proliferation (GO:2000562)",GO_Biological_Process_2023,0.021928717252343327,1091.0444080855816
214,0.00019030735711567104,0.9434916973114014,neg,FOXA1 mouse,TRRUST_Transcription_Factors_2019,0.2595347835421857,136.4820277236255
215,0.00018930004443973303,0.943681001663208,pos,Glycolysis,MSigDB_Hallmark_2020,0.1504938148800071,20.28300352206346
215,0.00018930004443973303,0.943681001663208,neg,TAL1 human,TRRUST_Transcription_Factors_2019,0.3695091957049662,136.4820277236255
216,0.00018853713118005544,0.9438695311546326,pos,Receptor-Mediated Endocytosis (GO:0006898),GO_Biological_Process_2023,0.00045017108039761963,135.92421899735967
216,0.00018853713118005544,0.9438695311546326,neg,MYOG mouse,TRRUST_Transcription_Factors_2019,0.2966817438345412,79.67795051677446
217,0.00018770898168440908,0.9440572261810303,pos,Fertilization R-HSA-1187000,Reactome_2022,0.03893862131388279,176.26230732641343
217,0.00018770898168440908,0.9440572261810303,neg,UV Response Dn,MSigDB_Hallmark_2020,0.022451294383985753,38.41686727024693
218,0.00018634085427038372,0.9442435503005981,pos,KRAS Signaling Up,MSigDB_Hallmark_2020,0.11975693504723149,20.28300352206346
218,0.00018634085427038372,0.9442435503005981,neg,Cellular Response To Alcohol (GO:0097306),GO_Biological_Process_2023,0.19151411152336315,90.69793638374381
219,0.00018618532340042293,0.9444297552108765,pos,Serine Biosynthesis R-HSA-977347,Reactome_2022,0.03364112596702888,474.45791686900793
219,0.00018618532340042293,0.9444297552108765,neg,Estrogen Response Late,MSigDB_Hallmark_2020,0.1708308168908189,20.28300352206346
220,0.0001857931783888489,0.9446155428886414,pos,Activation Of Matrix Metalloproteinases R-HSA-1592389,Reactome_2022,0.11563386788996156,112.12252948199962
220,0.0001857931783888489,0.9446155428886414,neg,Metallothioneins Bind Metals R-HSA-5661231,Reactome_2022,0.060208668737716436,330.92884130781977
221,0.00018542598991189152,0.9448009729385376,pos,Regulation Of Dendritic Cell Differentiation (GO:2001198),GO_Biological_Process_2023,0.13682854755507445,391.61775629527256
221,0.00018542598991189152,0.9448009729385376,neg,Biosynthesis Of DHA-derived SPMs R-HSA-9018677,Reactome_2022,0.11512280607491082,159.51916044937724
222,0.00018482925952412188,0.9449858069419861,pos,Fatty Acid Metabolism,MSigDB_Hallmark_2020,0.037677250000671986,32.25389663123081
222,0.00018482925952412188,0.9449858069419861,neg,MYCN mouse,TRRUST_Transcription_Factors_2019,0.008390492594129557,474.45791686900793
223,0.00018344077398069203,0.9451692700386047,pos,NANOG human,TRRUST_Transcription_Factors_2019,0.11138662720239079,97.87806321199126
223,0.00018344077398069203,0.9451692700386047,neg,Reverse Cholesterol Transport (GO:0043691),GO_Biological_Process_2023,0.00045345526890787385,681.9340623795607
224,0.00018280904623679817,0.9453520774841309,pos,LMX1B human,TRRUST_Transcription_Factors_2019,0.09157495937776997,326.6206097208578
224,0.00018280904623679817,0.9453520774841309,neg,Herpes simplex virus 1 infection,KEGG_2021_Human,0.08709988408567983,22.77673740660482
225,0.00018267508130520582,0.9455347657203674,pos,"Glycine, serine and threonine metabolism",KEGG_2021_Human,0.09969016642474621,81.89774214112175
225,0.00018267508130520582,0.9455347657203674,neg,RUNX3 mouse,TRRUST_Transcription_Factors_2019,0.2383213046255034,197.36590289038227
226,0.00018174824072048068,0.9457165002822876,pos,NKX2-1 mouse,TRRUST_Transcription_Factors_2019,0.3734509332650213,117.00004466783103
226,0.00018174824072048068,0.9457165002822876,neg,Endogenous Sterols R-HSA-211976,Reactome_2022,0.06455918242094535,155.44809947118515
227,0.000180674614966847,0.9458971619606018,pos,Xenobiotic Catabolic Process (GO:0042178),GO_Biological_Process_2023,0.02571015256737801,277.4179092680899
227,0.000180674614966847,0.9458971619606018,neg,SPI1 human,TRRUST_Transcription_Factors_2019,0.039926382751205074,69.76612187866111
228,0.00018027093028649688,0.9460774064064026,pos,Myogenesis,MSigDB_Hallmark_2020,0.15862861568433181,20.28300352206346
228,0.00018027093028649688,0.9460774064064026,neg,Actin Filament-Based Transport (GO:0099515),GO_Biological_Process_2023,0.039104312695221716,254.6329194525256
229,0.00018001101852860302,0.9462574124336243,pos,CEBPA human,TRRUST_Transcription_Factors_2019,0.023529513373175753,96.67719560223861
229,0.00018001101852860302,0.9462574124336243,neg,Negative Regulation Of Leukocyte Chemotaxis (GO:0002689),GO_Biological_Process_2023,0.18399646604070594,330.92884130781977
230,0.00017949163157027215,0.946436882019043,pos,GATA6 mouse,TRRUST_Transcription_Factors_2019,0.3413683670996962,71.44588341233826
230,0.00017949163157027215,0.946436882019043,neg,IL-2/STAT5 Signaling,MSigDB_Hallmark_2020,0.018214084403474575,29.97968028880589
231,0.0001789581001503393,0.9466158151626587,pos,Amyloid Precursor Protein Metabolic Process (GO:0042982),GO_Biological_Process_2023,0.023002953328615405,334.7923648041761
231,0.0001789581001503393,0.9466158151626587,neg,MYB human,TRRUST_Transcription_Factors_2019,0.03514125770448696,93.04131653695897
232,0.000178214511834085,0.9467940330505371,pos,BCL3 mouse,TRRUST_Transcription_Factors_2019,0.3759891222850669,71.44588341233826
232,0.000178214511834085,0.9467940330505371,neg,EGR2 human,TRRUST_Transcription_Factors_2019,0.21132639708458298,162.17255858986445
233,0.00017779665358830243,0.9469718337059021,pos,Dissolution Of Fibrin Clot R-HSA-75205,Reactome_2022,0.1161761942470323,248.5846578261998
233,0.00017779665358830243,0.9469718337059021,neg,Peroxisome,KEGG_2021_Human,0.12947266632323293,43.19868504699028
234,0.00017745075456332415,0.9471492767333984,pos,MYOD1 mouse,TRRUST_Transcription_Factors_2019,0.08267367303829956,56.64285082988862
234,0.00017745075456332415,0.9471492767333984,neg,BMI1 mouse,TRRUST_Transcription_Factors_2019,0.3328577607618497,101.78154350719133
235,0.0001764550688676536,0.9473257064819336,pos,NFKB1 human,TRRUST_Transcription_Factors_2019,0.30726064650031315,12.31016108301278
235,0.0001764550688676536,0.9473257064819336,neg,Adherens junction,KEGG_2021_Human,0.13419525364999527,55.42091690043706
236,0.0001757446298142895,0.9475014805793762,pos,UV Response Dn,MSigDB_Hallmark_2020,0.019956706119098448,38.41686727024693
236,0.0001757446298142895,0.9475014805793762,neg,Generic Transcription Pathway R-HSA-212436,Reactome_2022,0.0010146940271692365,36.323528550501734
237,0.00017554328951518983,0.9476770162582397,pos,NFATC1 mouse,TRRUST_Transcription_Factors_2019,0.057402118987122455,219.56995457412373
237,0.00017554328951518983,0.9476770162582397,neg,Mitochondrial Iron-Sulfur Cluster Biogenesis R-HSA-1362409,Reactome_2022,0.12114769805490079,248.5846578261998
238,0.0001746208727126941,0.9478516578674316,pos,Regulation Of Vesicle Fusion (GO:0031338),GO_Biological_Process_2023,0.05762771542057096,593.3776232841345
238,0.0001746208727126941,0.9478516578674316,neg,Androgen Response,MSigDB_Hallmark_2020,0.12630521505204978,30.350700013257832
239,0.00017402131925337017,0.9480257034301758,pos,ECM-receptor interaction,KEGG_2021_Human,0.2557941530500016,38.15372640786974
239,0.00017402131925337017,0.9480257034301758,neg,BTF3 human,TRRUST_Transcription_Factors_2019,0.11747760404762407,162.17255858986445
240,0.0001738062856020406,0.9481995105743408,pos,SOX10 human,TRRUST_Transcription_Factors_2019,0.14603072686524501,117.00004466783103
240,0.0001738062856020406,0.9481995105743408,neg,Glycosyl Compound Biosynthetic Process (GO:1901659),GO_Biological_Process_2023,0.31117435067859334,462.10284137848555
241,0.0001725216134218499,0.9483720064163208,pos,Herpes simplex virus 1 infection,KEGG_2021_Human,0.07385662685627821,22.77673740660482
241,0.0001725216134218499,0.9483720064163208,neg,FOXO1 mouse,TRRUST_Transcription_Factors_2019,0.013829349436020983,103.29659526813114
242,0.00017199992726091295,0.9485440254211426,pos,Estrogen Response Early,MSigDB_Hallmark_2020,0.03456005758607996,29.684225172013964
242,0.00017199992726091295,0.9485440254211426,neg,Spontaneous Synaptic Transmission (GO:0098814),GO_Biological_Process_2023,0.020310077314560516,1091.0444080855816
243,0.00017190836661029607,0.9487159252166748,pos,Herpes simplex virus 1 infection,KEGG_2021_Human,0.07793147523455564,22.77673740660482
243,0.00017190836661029607,0.9487159252166748,neg,ARNTL human,TRRUST_Transcription_Factors_2019,0.4337409213298738,56.46591775214154
244,0.0001712373341433704,0.9488871693611145,pos,AR human,TRRUST_Transcription_Factors_2019,0.3455099325759232,19.23070897367363
244,0.0001712373341433704,0.9488871693611145,neg,Wnt-beta Catenin Signaling,MSigDB_Hallmark_2020,0.20658654375777072,36.79605293636041
245,0.0001708134514046833,0.9490579962730408,pos,Positive Regulation Of Phospholipid Transport (GO:2001140),GO_Biological_Process_2023,0.10730770423515273,391.61775629527256
245,0.0001708134514046833,0.9490579962730408,neg,Lysosome,KEGG_2021_Human,0.2822425077788932,31.43728225274594
246,0.00016993317694868892,0.9492279291152954,pos,Herpes simplex virus 1 infection,KEGG_2021_Human,0.0018124829703935947,42.44374713238426
246,0.00016993317694868892,0.9492279291152954,neg,Glutathione Conjugation R-HSA-156590,Reactome_2022,0.0005910241511966263,274.6176998194445
247,0.00016945147945079952,0.9493973851203918,pos,SRF mouse,TRRUST_Transcription_Factors_2019,0.078031656571221,133.17348392535672
247,0.00016945147945079952,0.9493973851203918,neg,Cholesterol Biosynthesis R-HSA-191273,Reactome_2022,0.046026058914898214,165.32046257631316
248,0.00016916467575356364,0.9495665431022644,pos,KLF5 mouse,TRRUST_Transcription_Factors_2019,0.29329039430654835,117.00004466783103
248,0.00016916467575356364,0.9495665431022644,neg,Herpes simplex virus 1 infection,KEGG_2021_Human,0.17105445957133156,17.87685597690109
249,0.0001684609887888655,0.9497349858283997,pos,"Glycine, serine and threonine metabolism",KEGG_2021_Human,0.008381937695651398,144.26943679538044
249,0.0001684609887888655,0.9497349858283997,neg,RELB mouse,TRRUST_Transcription_Factors_2019,0.15667503615848796,326.6206097208578
250,0.00016790180234238505,0.9499028921127319,pos,Coagulation,MSigDB_Hallmark_2020,0.09630341966247648,27.298199626511767
250,0.00016790180234238505,0.9499028921127319,neg,Cell adhesion molecules,KEGG_2021_Human,0.118849699361975,36.49802372804252
251,0.00016783726459834725,0.9500707387924194,pos,Fructose Catabolism R-HSA-70350,Reactome_2022,0.16558399933801746,462.10284137848555
251,0.00016783726459834725,0.9500707387924194,neg,Coagulation,MSigDB_Hallmark_2020,0.016926516322983566,41.573491226182306
