pc,var_explained,cum_var,best_continuous_var,best_continuous_rho,best_categorical_var,best_categorical_eta2
1,0.3110959231853485,0.3110959231853485,SMTSISCH,0.37439750314167847,SMNABTCH,0.19511698443385705
2,0.20210440456867218,0.5132003426551819,DTHHRDY,0.6640011826269874,SMGEBTCH,0.20442989238917703
3,0.09455450624227524,0.6077548265457153,SMTSISCH,0.29447171431064995,SMNABTCH,0.2260165028973598
4,0.05736606940627098,0.6651208996772766,SMTSISCH,0.0792305255000531,SMNABTCH,0.1814634277837543
5,0.03003801219165325,0.6951588988304138,SMTSISCH,0.15239374052440507,SMNABTCH,0.10362104205727357
6,0.021431470289826393,0.7165903449058533,SMRIN,0.13523124504923012,SMNABTCH,0.22965783143363266
7,0.016563845798373222,0.7331541776657104,SMRIN,0.05200083430642047,SMNABTCH,0.17991980875272717
8,0.014018694870173931,0.7471728920936584,AGE_mid,0.11582494409410465,SMNABTCH,0.1071649515325739
9,0.011562873609364033,0.7587357759475708,SMRIN,0.05455220267346304,SMNABTCH,0.1547342865396749
10,0.010568277910351753,0.7693040370941162,SMRIN,0.04276801595313038,SMNABTCH,0.16816254595846122
11,0.009228494018316269,0.7785325050354004,AGE_mid,0.11800714653550223,SMNABTCH,0.1524092457562049
12,0.0076730200089514256,0.786205530166626,SMRIN,0.11849721627530437,SMNABTCH,0.11317145782401783
13,0.007044780999422073,0.793250322341919,SMRIN,0.09874442509475256,SMNABTCH,0.1529207964267147
14,0.006070540752261877,0.7993208765983582,SMTSISCH,0.08502625999077058,SMNABTCH,0.16586885549825886
15,0.005723635666072369,0.8050445318222046,AGE_mid,0.11935909074133148,SMNABTCH,0.25471778111669574
16,0.005120972171425819,0.810165524482727,DTHHRDY,0.03537966547207333,SMNABTCH,0.20327559383231203
17,0.00474547129124403,0.8149110078811646,SMRIN,0.11347542105492278,SMNABTCH,0.2291988128223485
18,0.0042092991061508656,0.8191202878952026,SMRIN,0.13503641248171241,SMNABTCH,0.15182443588292144
19,0.004022514447569847,0.8231428265571594,SMRIN,0.12003566173328727,SMNABTCH,0.1719137458403253
20,0.0039399112574756145,0.8270827531814575,AGE_mid,0.06520096677832529,SMNABTCH,0.2669631641473588
21,0.0035869276616722345,0.8306697010993958,SMRIN,0.0781002566511668,SMNABTCH,0.2830934287909233
22,0.003418512875214219,0.8340882062911987,SMRIN,0.07201516898540025,SMNABTCH,0.1758484548192851
23,0.0032572525087743998,0.8373454809188843,SMTSISCH,0.09916868478750475,SMNABTCH,0.15657492354658212
24,0.00295275985263288,0.8402982354164124,SMRIN,0.08987140736900585,SMNABTCH,0.20991643004983643
25,0.002774336840957403,0.8430725932121277,SMRIN,0.17094533391995254,SMNABTCH,0.19970685789273537
26,0.0027159189339727163,0.8457885384559631,AGE_mid,0.08806144929322862,SMNABTCH,0.18715826971642058
27,0.0024620541371405125,0.8482505679130554,SMRIN,0.03704773919344568,SMNABTCH,0.16779614037379703
28,0.002426782390102744,0.8506773710250854,SMRIN,0.05114160633067498,SMNABTCH,0.1731921543935376
29,0.0022599855437874794,0.8529373407363892,SMRDLGTH,0.05531833702446113,SMNABTCH,0.21133211122983428
30,0.002187985461205244,0.8551253080368042,SMRDLGTH,0.05440573530273899,SMNABTCH,0.1407170550730368
31,0.0020718646701425314,0.8571971654891968,AGE_mid,0.08002888724074166,SMNABTCH,0.13587762145348298
32,0.0020060837268829346,0.8592032194137573,SMTSISCH,0.05196394711640017,SMGEBTCH,0.2567881102176345
33,0.0018674485618248582,0.8610706925392151,SMRDLGTH,0.046946022238553924,SMNABTCH,0.2404526604607092
34,0.0017801345093175769,0.8628508448600769,AGE_mid,0.036689195374523996,SMNABTCH,0.2619743222674095
35,0.0017158091068267822,0.8645666837692261,DTHHRDY,0.045442574345349276,SMNABTCH,0.1802359243711655
36,0.001710230833850801,0.8662769198417664,DTHHRDY,0.05015967512465695,SMNABTCH,0.1897503510083929
37,0.001550167566165328,0.8678270578384399,SMRIN,0.11809018913338915,SMGEBTCH,0.21332305308247895
38,0.0015123796183615923,0.8693394660949707,SMRDLGTH,0.06700867515741792,SMNABTCH,0.16086089419319224
39,0.0014166790060698986,0.8707561492919922,SMRIN,0.060154830670429746,SMGEBTCH,0.21778396046697773
40,0.0013901385245844722,0.8721463084220886,SMRIN,0.06759040876178492,SMNABTCH,0.22489616867558596
41,0.001370576792396605,0.873516857624054,SMTSISCH,0.04483817393256247,SMNABTCH,0.1687308986735446
42,0.0013255339581519365,0.8748424053192139,AGE_mid,0.05085766170217174,SMNABTCH,0.14634809623639744
43,0.001266686012968421,0.8761090636253357,SMRDLGTH,0.07744437783036234,SMNABTCH,0.1983951868183616
44,0.001225453452207148,0.8773345351219177,DTHHRDY,0.07315352863869555,SMNABTCH,0.19689273718284778
45,0.0012194628361612558,0.8785539865493774,AGE_mid,0.026491858149984903,SMNABTCH,0.2431721631193231
46,0.0011547752656042576,0.8797087669372559,AGE_mid,0.12133109405910351,SMNABTCH,0.17202110818083113
47,0.0011411423329263926,0.8808498978614807,AGE_mid,0.09159070618831015,SMGEBTCH,0.18474804058964597
48,0.001110351295210421,0.8819602727890015,SMRIN,0.07099691105752648,SMNABTCH,0.18995559290541594
49,0.0010564891854301095,0.8830167651176453,SMTSISCH,0.07247820028930568,SMNABTCH,0.2919374729282108
50,0.0010237345704808831,0.8840404748916626,SMRDLGTH,0.06233446994392546,SEX,0.220211726868687
51,0.0009769612224772573,0.885017454624176,SMTSISCH,0.08245837273933959,SMNABTCH,0.13057689898145128
52,0.0009717671782709658,0.885989248752594,AGE_mid,0.059935823784212285,SMNABTCH,0.18649288050315158
53,0.0009506434435024858,0.8869398832321167,AGE_mid,0.0781203061761646,SMNABTCH,0.2362799333676342
54,0.0009002419537864625,0.8878401517868042,SMRIN,0.0772461085411617,SMNABTCH,0.222101658521501
55,0.000870618736371398,0.8887107968330383,SMRDLGTH,0.07365810053573363,SMNABTCH,0.2204373200018441
56,0.0008658046717755497,0.8895766139030457,AGE_mid,0.07027078464856511,SMGEBTCH,0.19608285083002938
57,0.0008447642321698368,0.8904213905334473,SMTSISCH,0.06409453002654932,SMNABTCH,0.15465927391312725
58,0.0008113191579468548,0.8912327289581299,SMRDLGTH,0.05750125577867896,SMNABTCH,0.21514828876270342
59,0.0007916213944554329,0.8920243382453918,AGE_mid,0.06685776173859274,SMNABTCH,0.2437188791045636
60,0.000777563895098865,0.8928018808364868,SMRIN,0.02785958422592323,SMNABTCH,0.2076046394740232
61,0.0007696053362451494,0.8935714960098267,SMTSISCH,0.06616380183317959,SMNABTCH,0.181425451633043
62,0.0007530293660238385,0.894324541091919,SMRDLGTH,0.06569624816804391,SMNABTCH,0.18943905354403456
63,0.0007313753594644368,0.895055890083313,SMTSISCH,0.09806579181844505,SMNABTCH,0.16073950985026597
64,0.0007176153012551367,0.8957735300064087,AGE_mid,0.04828489331909923,SMNABTCH,0.13169044086706724
65,0.0006985442596487701,0.8964720964431763,AGE_mid,0.07980973962981572,SMNABTCH,0.1507082731839644
66,0.0006814923835918307,0.8971536159515381,SMTSISCH,0.034558867637062625,SMNABTCH,0.11660037450728578
67,0.0006494930130429566,0.8978031277656555,AGE_mid,0.08390237786936271,SMGEBTCH,0.10560260859625674
68,0.0006445095059461892,0.8984476327896118,AGE_mid,0.1331835882973786,SMNABTCH,0.17625243488551365
69,0.000641656806692481,0.8990892767906189,SMRIN,0.04648890162929354,SMNABTCH,0.21901026118979813
70,0.0006263702525757253,0.8997156620025635,SMRIN,0.05542829394780789,SMNABTCH,0.2354245926953699
71,0.0006125303916633129,0.9003282189369202,SMRDLGTH,0.04408561568851785,SMNABTCH,0.1508560571834783
72,0.0005962408613413572,0.9009244441986084,AGE_mid,0.03588414465432543,SMGEBTCH,0.16070997360273695
73,0.000584666442591697,0.9015091061592102,SMTSISCH,0.011225353241146494,SMNABTCH,0.1989398705540849
74,0.0005670244572684169,0.9020761251449585,SMRDLGTH,0.0660993632760769,SMNABTCH,0.22777903920952225
75,0.0005507759051397443,0.9026268720626831,DTHHRDY,0.028846409055958085,SMNABTCH,0.1421858054898391
76,0.0005466867587529123,0.903173565864563,SMRDLGTH,0.05583045551045517,SMNABTCH,0.12169145529548522
77,0.0005435905186459422,0.9037171602249146,SMRIN,0.07916119472955338,SMNABTCH,0.18431435765987397
78,0.0005351024447008967,0.904252290725708,SMRDLGTH,0.05329870401449279,SMNABTCH,0.19215271282579402
79,0.0005298618925735354,0.9047821760177612,DTHHRDY,0.08180206630824542,SMNABTCH,0.3147221302038445
80,0.0005246629589237273,0.9053068161010742,AGE_mid,0.04407734590413762,SMNABTCH,0.2331336553067213
81,0.0005077669629827142,0.9058145880699158,SMRDLGTH,0.08579443136302399,SMNABTCH,0.1653954077500059
82,0.00048807499115355313,0.9063026905059814,SMRDLGTH,0.07024587809243804,SMNABTCH,0.19739043843608545
83,0.00048700414481572807,0.9067897200584412,DTHHRDY,0.02956698611684635,SMNABTCH,0.20773996212764578
84,0.00047598229139111936,0.9072657227516174,AGE_mid,0.048212293747838426,SMNABTCH,0.2176083083824447
85,0.00047408530372194946,0.9077398180961609,DTHHRDY,0.052629640284743255,SMNABTCH,0.19445993117027174
86,0.00046762064448557794,0.9082074165344238,SMRDLGTH,0.0355336756178016,SMNABTCH,0.19457129976527784
87,0.00046433438546955585,0.9086717367172241,SMRDLGTH,0.04520909617866966,SMNABTCH,0.13872113320865934
88,0.0004579466476570815,0.9091296792030334,SMRIN,0.043978380949779836,SMNABTCH,0.18090537041173435
89,0.0004533681785687804,0.9095830321311951,SMTSISCH,0.040688673295082765,SMNABTCH,0.22596176554970876
90,0.0004456652677617967,0.9100286960601807,SMRDLGTH,0.051853586796413685,SMNABTCH,0.14962853922136463
91,0.0004376517317723483,0.9104663729667664,AGE_mid,0.06724473865036792,SMNABTCH,0.20643368050011382
92,0.000432920700404793,0.91089928150177,SMRIN,0.05001472278059926,SMNABTCH,0.15866587345182948
93,0.00042580821900628507,0.9113250970840454,AGE_mid,0.0876020173348866,SMNABTCH,0.13955971595289576
94,0.00042059269617311656,0.9117456674575806,SMRIN,0.0637771692708028,SMNABTCH,0.22745280095110373
95,0.00041655797394923866,0.9121622443199158,DTHHRDY,0.0416666572940295,SMNABTCH,0.17993291180692952
96,0.0004114004841540009,0.9125736355781555,AGE_mid,0.06009922099444707,SMNABTCH,0.18753998630503055
97,0.00040765656740404665,0.9129812717437744,SMRDLGTH,0.04586706425489326,SMNABTCH,0.1677787663241127
98,0.00040166376857087016,0.9133829474449158,SMRDLGTH,0.07359910273156559,SMNABTCH,0.2061623332777808
99,0.0003963274066336453,0.9137792587280273,SMRIN,0.027689455115088232,SMNABTCH,0.14880736354139185
100,0.0003852779627777636,0.9141645431518555,SMRDLGTH,0.06235980171486008,SMNABTCH,0.2907843966940323
101,0.00038123424747027457,0.9145457744598389,SMRIN,0.049646270144283425,SMNABTCH,0.16358304275297797
102,0.0003743543929886073,0.9149201512336731,AGE_mid,0.08379898249456609,SMNABTCH,0.16013712456569348
103,0.0003734356432687491,0.9152935743331909,SMRDLGTH,0.06867497931045419,SMNABTCH,0.156230119363524
104,0.0003709320444613695,0.9156644940376282,AGE_mid,0.06122893439587946,SMNABTCH,0.16343310706855882
105,0.0003644324897322804,0.9160289168357849,SMRDLGTH,0.04209383666044298,SMNABTCH,0.1467819188533799
106,0.00036261408240534365,0.9163915514945984,SMRDLGTH,0.057260329801435084,SMNABTCH,0.12594585226299823
107,0.00035810109693557024,0.9167496562004089,AGE_mid,0.04203414008714631,SMNABTCH,0.18517968754145872
108,0.0003537410229910165,0.9171034097671509,AGE_mid,0.11759604604356191,SMNABTCH,0.12886076944047986
109,0.00035070773446932435,0.9174541234970093,AGE_mid,0.10183679640960831,SMNABTCH,0.21083436663487629
110,0.0003488996298983693,0.9178030490875244,AGE_mid,0.0690019782729305,SMNABTCH,0.18272477529338219
111,0.0003454996913205832,0.9181485772132874,SMRDLGTH,0.08641686916313152,SMNABTCH,0.22775803406246906
112,0.00034125198726542294,0.9184898138046265,AGE_mid,0.024943071310995973,SMNABTCH,0.1796182634291464
113,0.0003356620145495981,0.9188254475593567,AGE_mid,0.035037025204462946,SMNABTCH,0.10602604566060841
114,0.00033391136093996465,0.9191593527793884,SMRDLGTH,0.09705127819509547,SMNABTCH,0.17456451022761688
115,0.00032978662056848407,0.9194891452789307,AGE_mid,0.044881023639743674,SMNABTCH,0.17170112433818063
116,0.0003275810449849814,0.9198167324066162,SMRIN,0.0889160562716706,SMNABTCH,0.28888359474393627
117,0.00031973994919098914,0.9201364517211914,SMTSISCH,0.04648390007885904,SMNABTCH,0.15957145079273258
118,0.0003189965500496328,0.9204554557800293,AGE_mid,0.12357232279425512,SMNABTCH,0.22926348406592503
119,0.00031454424606636167,0.920769989490509,AGE_mid,0.08527984272739858,SMNABTCH,0.17148347020732255
120,0.0003112767299171537,0.9210812449455261,SMRIN,0.05026927276523396,SMNABTCH,0.2004451965053339
121,0.00030956475529819727,0.9213908314704895,SMRDLGTH,0.07217767236423053,SMNABTCH,0.19617699523122623
122,0.00030863803112879395,0.9216994643211365,AGE_mid,0.10502428853467195,SMNABTCH,0.18012438995699057
123,0.0003067317884415388,0.9220061898231506,AGE_mid,0.06083493599272321,SMNABTCH,0.21080682608926476
124,0.0003027700586244464,0.9223089814186096,SMRDLGTH,0.08062817568986232,SMNABTCH,0.14673014703045137
125,0.000300444575259462,0.9226094484329224,AGE_mid,0.0675210819089245,SMNABTCH,0.18359059886104268
126,0.00029802191420458257,0.9229074716567993,SMRIN,0.05035281220114264,SMNABTCH,0.25678675102227655
127,0.0002967962936963886,0.923204243183136,SMRDLGTH,0.048894156050905975,SMNABTCH,0.12431583532793156
128,0.0002963932929560542,0.923500657081604,AGE_mid,0.08131065266393375,SMNABTCH,0.1294006822932834
129,0.00029201857978478074,0.9237926602363586,AGE_mid,0.09926208898689198,SMNABTCH,0.18954213190938984
130,0.00028875237330794334,0.9240813851356506,AGE_mid,0.052974743725220416,SMNABTCH,0.12496880847922331
131,0.0002872574550565332,0.9243686199188232,SMRDLGTH,0.013722362875027344,SMNABTCH,0.1889780263454968
132,0.00028645124984905124,0.9246550798416138,SMRIN,0.06199787090909706,SMNABTCH,0.12005279055712723
133,0.00028354721143841743,0.9249386191368103,DTHHRDY,0.045211531014839317,SMNABTCH,0.14058176195169114
134,0.0002825663541443646,0.9252212047576904,AGE_mid,0.0904594391464178,SMNABTCH,0.1814453241398761
135,0.00028215281781740487,0.9255033731460571,AGE_mid,0.053124664007744384,SMNABTCH,0.16530972985614983
136,0.00028039098833687603,0.9257837533950806,SMRIN,0.05808019262589536,SMNABTCH,0.10818872155561202
137,0.0002784566313493997,0.9260622262954712,SMRIN,0.05650186210334353,SMNABTCH,0.18772134001565646
138,0.00027525797486305237,0.926337480545044,AGE_mid,0.13866878218175474,SMNABTCH,0.20057851371084767
139,0.00027309340657666326,0.9266105890274048,AGE_mid,0.028902795007007088,SMNABTCH,0.1511030258995697
140,0.0002713488647714257,0.9268819093704224,SMRIN,0.06140334105160006,SMNABTCH,0.20645124069469084
141,0.000268845004029572,0.9271507263183594,SMRDLGTH,0.04165201109725882,SMGEBTCH,0.0812300470244468
142,0.00026808641268871725,0.9274188280105591,AGE_mid,0.0574914896791632,SMNABTCH,0.12692996154104386
143,0.00026679577422328293,0.9276856184005737,SMTSISCH,0.06824008707988118,SMNABTCH,0.21058467911497708
144,0.0002659425954334438,0.9279515743255615,SMRDLGTH,0.0720113165195225,SMGEBTCH,0.13691020939859402
145,0.00026254175463691354,0.9282141327857971,SMRIN,0.06004490608712521,SMNABTCH,0.15139635516835076
146,0.00025994516909122467,0.9284740686416626,AGE_mid,0.034052655470246114,SMNABTCH,0.1900440807710014
147,0.00025936486781574786,0.9287334084510803,SMRDLGTH,0.0508104880729072,SMNABTCH,0.11025637349784392
148,0.0002582424785941839,0.9289916753768921,SMTSISCH,0.05423410557180712,SMGEBTCH,0.13691162634523732
149,0.00025753999943844974,0.9292492270469666,AGE_mid,0.05370954340043488,SMNABTCH,0.16800192017571416
150,0.00025608818395994604,0.9295052886009216,AGE_mid,0.0835085480783494,SMNABTCH,0.1564912246406579
151,0.00025562095106579363,0.9297609329223633,SMRIN,0.040283439702067006,SMNABTCH,0.15702003955126562
152,0.00025414227275177836,0.9300150871276855,SMTSISCH,0.01525194157030567,SMNABTCH,0.13419246312421027
153,0.00025255573564209044,0.9302676320075989,SMRDLGTH,0.07499388539181358,SMGEBTCH,0.1244213215119804
154,0.0002510493213776499,0.9305186867713928,DTHHRDY,0.03163306595706078,SMNABTCH,0.14843798518216858
155,0.00025052213459275663,0.9307692050933838,AGE_mid,0.042420213719584314,SMNABTCH,0.14565758434793305
156,0.0002466018486302346,0.9310157895088196,AGE_mid,0.055827227609708346,SMNABTCH,0.12868464379166117
157,0.0002451474720146507,0.9312609434127808,SMRDLGTH,0.020330116941848893,SMNABTCH,0.1776806867713658
158,0.00024445701274089515,0.9315053820610046,SMRIN,0.06683572395906189,SMNABTCH,0.23357075662667642
159,0.00024312765162903816,0.9317485094070435,AGE_mid,0.05333240621157277,SMNABTCH,0.136411703984266
160,0.0002424698614049703,0.9319909811019897,SMTSISCH,0.0193843336645811,SMNABTCH,0.1738424999250692
161,0.0002407150313956663,0.9322317242622375,SMRDLGTH,0.055575273558226446,SMNABTCH,0.2200849807222201
162,0.00023932319891173393,0.9324710369110107,SMRIN,0.04593517306785745,SMNABTCH,0.16410103809248036
163,0.00023827262339182198,0.9327093362808228,SMRDLGTH,0.05571531109711604,SMNABTCH,0.12047542375623337
164,0.00023530577891506255,0.932944655418396,AGE_mid,0.020905340411425437,SMNABTCH,0.20011761366287245
165,0.0002350151917198673,0.9331796765327454,SMTSISCH,0.05583638144964842,SMNABTCH,0.22317639982455975
166,0.00023405966931022704,0.9334137439727783,SMRIN,0.044351437939289584,SMNABTCH,0.20388288867678983
167,0.00023291703837458044,0.9336466789245605,SMRIN,0.0327216536221573,SMNABTCH,0.13127116575762704
168,0.0002316106838406995,0.9338783025741577,DTHHRDY,0.020418803352107655,SMNABTCH,0.09794577821849317
169,0.00023031746968626976,0.9341086149215698,SMRIN,0.05703353152176999,SMNABTCH,0.16936437441808594
170,0.00022854114649817348,0.9343371391296387,AGE_mid,0.08288635722717085,SMNABTCH,0.1710217516653298
171,0.0002280876215081662,0.9345652461051941,AGE_mid,0.044926729574205314,SMNABTCH,0.18685312315036218
172,0.00022607851133216172,0.9347913265228271,SMRIN,0.07306634165978362,SMNABTCH,0.1418146462208613
173,0.00022553675808012486,0.9350168704986572,SMRDLGTH,0.0997788848550804,SMNABTCH,0.18492432619470198
174,0.00022492014977615327,0.9352418184280396,AGE_mid,0.053964545179184864,SMNABTCH,0.17375840437695725
175,0.00022438135056290776,0.9354661703109741,DTHHRDY,0.021583562096918373,SMNABTCH,0.20733766577507964
176,0.0002230615064036101,0.9356892108917236,AGE_mid,0.10234552333231176,SMNABTCH,0.1511100174064437
177,0.00022220883693080395,0.9359114170074463,SMRDLGTH,0.04675696607798568,SMNABTCH,0.20514550493639322
178,0.0002208960213465616,0.9361323118209839,AGE_mid,0.0455159326639898,SMNABTCH,0.2313060277833796
179,0.0002203563490184024,0.9363526701927185,SMTSISCH,0.03180595072341348,SMNABTCH,0.16262336636771732
180,0.00021916083642281592,0.9365718364715576,SMRDLGTH,0.07139183957216876,SMNABTCH,0.1453612553545954
181,0.00021889667550567538,0.9367907047271729,SMRDLGTH,0.05844390470921531,SMGEBTCH,0.1123962077175418
182,0.0002165601763408631,0.9370072484016418,SMTSISCH,0.033936218205815494,SMNABTCH,0.26003831268754657
183,0.0002159329887945205,0.9372231960296631,DTHHRDY,0.0508532117394366,SMNABTCH,0.09985667464777097
184,0.0002148162602679804,0.9374380111694336,AGE_mid,0.053936916875191455,SMNABTCH,0.12139297342400238
185,0.00021446915343403816,0.9376524686813354,SMRDLGTH,0.041210624179458824,SMNABTCH,0.16873439691110162
186,0.00021316677157301456,0.9378656148910522,AGE_mid,0.05863358402937728,SMNABTCH,0.14092768375058906
187,0.00021227206161711365,0.9380778670310974,DTHHRDY,0.05139887303238921,SMNABTCH,0.19459242630665066
188,0.00021147321967873722,0.9382893443107605,AGE_mid,0.06555581103314564,SMNABTCH,0.21963400019210355
189,0.00021069632202852517,0.9385000467300415,SMRIN,0.053348158514321585,SMNABTCH,0.1657272167008534
190,0.00020940304966643453,0.9387094378471375,AGE_mid,0.05940009483118924,SMNABTCH,0.11062801690733479
191,0.0002089642803184688,0.93891841173172,SMTSISCH,0.016608180303018916,SMNABTCH,0.28024296103664215
192,0.00020870787557214499,0.9391271471977234,SMRDLGTH,0.06970897614223959,SMNABTCH,0.17952907247926553
193,0.00020696419232990593,0.9393340945243835,DTHHRDY,0.04365408264363327,SMNABTCH,0.19567244088204905
194,0.00020682303875219077,0.9395409226417542,DTHHRDY,0.05818233828818614,SMNABTCH,0.20574915976271857
195,0.00020636602130252868,0.9397472739219666,AGE_mid,0.09341390928993633,SMNABTCH,0.1261472847527567
196,0.0002046607987722382,0.9399519562721252,AGE_mid,0.07502679123334183,SMNABTCH,0.16623299695239918
197,0.0002038912643911317,0.9401558637619019,SMRDLGTH,0.047471190424726396,SMNABTCH,0.12927786081867962
198,0.00020249410590622574,0.9403583407402039,SMRDLGTH,0.03599249868962153,SMNABTCH,0.12277923707377689
199,0.00020133798534516245,0.9405596852302551,SMRIN,0.03542773753480889,SMNABTCH,0.1598218934760623
200,0.00020062817202415317,0.9407603144645691,SMRDLGTH,0.0598736693388492,SMNABTCH,0.19708586158844368
201,0.00020048031001351774,0.9409608244895935,SMRDLGTH,0.03931830799223976,SMNABTCH,0.21244287710438037
202,0.00019970261200796813,0.9411605000495911,AGE_mid,0.028424623013349554,SMNABTCH,0.19623839898321246
203,0.00019883803906850517,0.9413593411445618,AGE_mid,0.05196264933721421,SMNABTCH,0.17385383918511835
204,0.0001977229694603011,0.9415570497512817,SMRDLGTH,0.02644253070862011,SMNABTCH,0.10890592164530306
205,0.00019731512293219566,0.9417543411254883,SMRDLGTH,0.04280466150545654,SMNABTCH,0.2207509162792356
206,0.0001964437833521515,0.941950798034668,SMTSISCH,0.020070777063345598,SMNABTCH,0.18272797684363218
207,0.0001953093451447785,0.9421461224555969,SMTSISCH,0.04241869060075497,SMNABTCH,0.16345489297775906
208,0.00019427546067163348,0.9423403739929199,SMRDLGTH,0.0257871945047014,SMNABTCH,0.15215994671738572
209,0.00019364799663890153,0.9425340294837952,AGE_mid,0.06343694653887158,SMNABTCH,0.16093365293765757
210,0.0001928517740452662,0.9427269101142883,AGE_mid,0.03196640538190673,SMNABTCH,0.13106308471528097
211,0.0001918799534905702,0.9429187774658203,AGE_mid,0.1056534045274356,SMNABTCH,0.12049604456162491
212,0.0001913586020236835,0.9431101083755493,AGE_mid,0.04307043031766462,SMNABTCH,0.22397834491422783
213,0.00019126730330754071,0.9433013796806335,SMRDLGTH,0.04171089924008084,SMNABTCH,0.1691266815329159
214,0.00019030735711567104,0.9434916973114014,AGE_mid,0.044250341962795585,SMNABTCH,0.24021018624813986
215,0.00018930004443973303,0.943681001663208,AGE_mid,0.09661013311525944,SMNABTCH,0.20152884279571562
216,0.00018853713118005544,0.9438695311546326,SMRIN,0.052038654950665675,SMNABTCH,0.14338994956773354
217,0.00018770898168440908,0.9440572261810303,AGE_mid,0.010280306442590793,SMNABTCH,0.1500373587113219
218,0.00018634085427038372,0.9442435503005981,SMRIN,0.048822914371129296,SMNABTCH,0.1885924715215658
219,0.00018618532340042293,0.9444297552108765,SMRDLGTH,0.03226127139070352,SMNABTCH,0.19993028594374168
220,0.0001857931783888489,0.9446155428886414,DTHHRDY,0.02930514785222171,SMNABTCH,0.17508967131880504
221,0.00018542598991189152,0.9448009729385376,AGE_mid,0.0361178651718913,SMNABTCH,0.12149556592224262
222,0.00018482925952412188,0.9449858069419861,SMRDLGTH,0.034616797103584014,SMNABTCH,0.2103772223969052
223,0.00018344077398069203,0.9451692700386047,SMRIN,0.029594022038122555,SMNABTCH,0.15667856685283352
224,0.00018280904623679817,0.9453520774841309,AGE_mid,0.029399767254602593,SMNABTCH,0.15094226471654887
225,0.00018267508130520582,0.9455347657203674,AGE_mid,0.052040307272763243,SMNABTCH,0.14797923788802445
226,0.00018174824072048068,0.9457165002822876,SMTSISCH,0.03628504762283049,SMNABTCH,0.13950080459398828
227,0.000180674614966847,0.9458971619606018,SMRDLGTH,0.0749889506312419,SMNABTCH,0.2116331109413533
228,0.00018027093028649688,0.9460774064064026,SMRDLGTH,0.0442841027248453,SMNABTCH,0.11102168700014935
229,0.00018001101852860302,0.9462574124336243,SMRIN,0.031308256366030206,SMNABTCH,0.12282071172290625
230,0.00017949163157027215,0.946436882019043,SMRIN,0.0447730320021407,SMNABTCH,0.19609828745460586
231,0.0001789581001503393,0.9466158151626587,SMRIN,0.02865762185544434,SMNABTCH,0.17910268121992914
232,0.000178214511834085,0.9467940330505371,SMRDLGTH,0.039481922720527356,SMNABTCH,0.2701842181881332
233,0.00017779665358830243,0.9469718337059021,SMRIN,0.032050044340663476,SMNABTCH,0.1262115652405351
234,0.00017745075456332415,0.9471492767333984,DTHHRDY,0.03442681165681751,SMNABTCH,0.17126268207216722
235,0.0001764550688676536,0.9473257064819336,SMRDLGTH,0.0807105313607363,SMNABTCH,0.2309109220985141
236,0.0001757446298142895,0.9475014805793762,SMRDLGTH,0.07656620977129591,SMNABTCH,0.16803261976343303
237,0.00017554328951518983,0.9476770162582397,SMRIN,0.036906442379940826,SMNABTCH,0.13585956329520307
238,0.0001746208727126941,0.9478516578674316,SMTSISCH,0.032797773943734364,SMNABTCH,0.17892646430534745
239,0.00017402131925337017,0.9480257034301758,AGE_mid,0.020297132324386537,SMNABTCH,0.2128750029785571
240,0.0001738062856020406,0.9481995105743408,SMRIN,0.030731053721812056,SMNABTCH,0.19350464658038077
241,0.0001725216134218499,0.9483720064163208,DTHHRDY,0.032238893936868594,SMNABTCH,0.1961950006190377
242,0.00017199992726091295,0.9485440254211426,AGE_mid,0.052222601086731976,SMNABTCH,0.1509115141464823
243,0.00017190836661029607,0.9487159252166748,SMRDLGTH,0.07982370005533292,SMNABTCH,0.13722721842680202
244,0.0001712373341433704,0.9488871693611145,SMRDLGTH,0.04710897899876531,SMNABTCH,0.15848253436867238
245,0.0001708134514046833,0.9490579962730408,AGE_mid,0.04548984595673186,SMNABTCH,0.10960608396011418
246,0.00016993317694868892,0.9492279291152954,SMRDLGTH,0.0359983107409615,SMNABTCH,0.22078839219437993
247,0.00016945147945079952,0.9493973851203918,SMRDLGTH,0.049566380102114414,SMNABTCH,0.18027765465747791
248,0.00016916467575356364,0.9495665431022644,SMRIN,0.030798773667150215,SMNABTCH,0.16903887265430345
249,0.0001684609887888655,0.9497349858283997,SMTSISCH,0.03837299832204127,SMNABTCH,0.15502092324362557
250,0.00016790180234238505,0.9499028921127319,SMRIN,0.041974826232009904,SMNABTCH,0.1618023494412888
251,0.00016783726459834725,0.9500707387924194,DTHHRDY,0.027592003438685037,SMNABTCH,0.1950897941436523
