latent_dim,latent_var,top1_cluster,top1_w,top2_cluster,top2_w,top3_cluster,top3_w,frac_top3_l1
43,2.5796918869018555,HALLMARK_WNT_BETA_CATENIN_SIGNALING,0.20468367636203766,HALLMARK_PROTEIN_SECRETION,0.18508575856685638,OTHER,0.18379124999046326,0.14574435798273486
15,2.268810749053955,HALLMARK_OXIDATIVE_PHOSPHORYLATION,0.3307517170906067,HALLMARK_MYC_TARGETS_V1,0.286526620388031,HALLMARK_DNA_REPAIR,0.2395554482936859,0.20091988864422436
7,0.9382677674293518,HALLMARK_TNFA_SIGNALING_VIA_NFKB,-0.2016640305519104,HALLMARK_HEME_METABOLISM,-0.16904906928539276,HALLMARK_IL6_JAK_STAT3_SIGNALING,0.15965910255908966,0.1525042685549061
45,0.8038133382797241,HALLMARK_HEME_METABOLISM,-0.25502851605415344,HALLMARK_PROTEIN_SECRETION,-0.0986027792096138,HALLMARK_MYC_TARGETS_V2,0.08416838198900223,0.21611259796998303
16,0.705998957157135,HALLMARK_PROTEIN_SECRETION,-0.16759292781352997,HALLMARK_MYC_TARGETS_V2,0.16408143937587738,HALLMARK_INTERFERON_ALPHA_RESPONSE,0.11824966967105865,0.21238648238660926
25,0.6325692534446716,HALLMARK_INTERFERON_ALPHA_RESPONSE,0.13334040343761444,HALLMARK_IL6_JAK_STAT3_SIGNALING,0.09846644848585129,HALLMARK_PROTEIN_SECRETION,0.08462434262037277,0.21823547179542793
8,0.44392240047454834,HALLMARK_COAGULATION,-0.08273002505302429,HALLMARK_MYOGENESIS,-0.057620804756879807,HALLMARK_INTERFERON_ALPHA_RESPONSE,0.05717635899782181,0.17107079941752096
30,0.012250416912138462,HALLMARK_INTERFERON_ALPHA_RESPONSE,0.0070694824680686,HALLMARK_TNFA_SIGNALING_VIA_NFKB,0.00672659557312727,HALLMARK_MYC_TARGETS_V2,-0.006261094473302364,0.16552736475139354
44,0.007927680388092995,HALLMARK_MYOGENESIS,0.010938786901533604,HALLMARK_EPITHELIAL_MESENCHYMAL_TRANSITION,0.009961605072021484,HALLMARK_ANGIOGENESIS,0.008734878152608871,0.2293101190107579
20,0.006196499336510897,HALLMARK_OXIDATIVE_PHOSPHORYLATION,-0.00823887251317501,HALLMARK_COAGULATION,-0.006733207497745752,HALLMARK_FATTY_ACID_METABOLISM,-0.005421524401754141,0.15642931325695764
47,0.005165663082152605,HALLMARK_NOTCH_SIGNALING,-0.006363094784319401,HALLMARK_HEME_METABOLISM,-0.004415549803525209,HALLMARK_GLYCOLYSIS,-0.004062526859343052,0.1404483320164323
14,0.005128213204443455,HALLMARK_HYPOXIA,0.00508585711941123,HALLMARK_PROTEIN_SECRETION,-0.004803087562322617,HALLMARK_APICAL_SURFACE,0.0047347634099423885,0.13239404958470027
0,0.00443671690300107,HALLMARK_INFLAMMATORY_RESPONSE,-0.007678792346268892,HALLMARK_IL6_JAK_STAT3_SIGNALING,-0.007569261360913515,HALLMARK_COAGULATION,-0.006271109450608492,0.17722083714739853
46,0.00443496135994792,HALLMARK_IL6_JAK_STAT3_SIGNALING,0.011969896033406258,HALLMARK_PROTEIN_SECRETION,0.008782912977039814,HALLMARK_HEDGEHOG_SIGNALING,-0.006997612304985523,0.19775725329459126
40,0.00430910661816597,HALLMARK_ANGIOGENESIS,-0.006955685559660196,HALLMARK_COAGULATION,-0.005763647146522999,HALLMARK_UV_RESPONSE_DN,-0.005733865313231945,0.17839741779541923
41,0.003134214086458087,HALLMARK_E2F_TARGETS,-0.006484351120889187,HALLMARK_TNFA_SIGNALING_VIA_NFKB,0.004839581903070211,HALLMARK_INTERFERON_GAMMA_RESPONSE,0.00452663516625762,0.17260469243090892
1,0.0029243119060993195,HALLMARK_MYC_TARGETS_V2,0.008105703629553318,HALLMARK_ANGIOGENESIS,0.006395525764673948,HALLMARK_INFLAMMATORY_RESPONSE,0.006122462917119265,0.17542863830989924
35,0.0028670462779700756,HALLMARK_APICAL_SURFACE,-0.005954812280833721,HALLMARK_PANCREAS_BETA_CELLS,0.004761788994073868,HALLMARK_MYC_TARGETS_V2,0.004084327723830938,0.15247701784993387
12,0.002763007767498493,HALLMARK_PROTEIN_SECRETION,-0.006658791098743677,HALLMARK_ANDROGEN_RESPONSE,-0.005918677896261215,HALLMARK_APICAL_SURFACE,0.004673691000789404,0.1721874206155819
19,0.0026224255561828613,HALLMARK_ANGIOGENESIS,-0.0066380491480231285,HALLMARK_PROTEIN_SECRETION,-0.006080306135118008,HALLMARK_ANDROGEN_RESPONSE,-0.005854355171322823,0.17290267548266344
37,0.002562865847721696,HALLMARK_MYOGENESIS,-0.004667660221457481,HALLMARK_MYC_TARGETS_V2,-0.004565359093248844,HALLMARK_KRAS_SIGNALING_UP,0.004550217185169458,0.15758517123447205
3,0.002514459192752838,HALLMARK_ANGIOGENESIS,0.0042788260616362095,HALLMARK_INTERFERON_ALPHA_RESPONSE,0.003761476371437311,HALLMARK_SPERMATOGENESIS,0.00355689600110054,0.16369226698095096
28,0.0025136247277259827,HALLMARK_PROTEIN_SECRETION,0.0060454667545855045,HALLMARK_UV_RESPONSE_UP,-0.004410817287862301,HALLMARK_MYC_TARGETS_V2,-0.004308344796299934,0.1598657051861687
4,0.0025058400351554155,HALLMARK_APICAL_SURFACE,-0.009834248572587967,HALLMARK_HEDGEHOG_SIGNALING,-0.009619577787816525,HALLMARK_MYC_TARGETS_V2,-0.008766447193920612,0.20001671742100932
32,0.002474416047334671,HALLMARK_APICAL_JUNCTION,-0.007669241167604923,HALLMARK_MYC_TARGETS_V2,-0.006523924879729748,HALLMARK_APICAL_SURFACE,-0.0063180942088365555,0.1514700615090756
48,0.002436757320538163,HALLMARK_MYC_TARGETS_V2,-0.007887842133641243,HALLMARK_ANGIOGENESIS,-0.00611344538629055,HALLMARK_EPITHELIAL_MESENCHYMAL_TRANSITION,-0.005894603673368692,0.1511642188943402
29,0.002345490036532283,HALLMARK_IL6_JAK_STAT3_SIGNALING,0.007500081788748503,HALLMARK_TNFA_SIGNALING_VIA_NFKB,-0.006252947263419628,HALLMARK_WNT_BETA_CATENIN_SIGNALING,0.0056627653539180756,0.16228991709570106
24,0.0022696861997246742,HALLMARK_INTERFERON_ALPHA_RESPONSE,0.00593517255038023,HALLMARK_HYPOXIA,0.0054272436536848545,HALLMARK_APICAL_SURFACE,-0.004135404713451862,0.18681004038410762
9,0.002201980911195278,HALLMARK_HEME_METABOLISM,-0.004892321769148111,HALLMARK_KRAS_SIGNALING_UP,0.004195885267108679,HALLMARK_INTERFERON_ALPHA_RESPONSE,0.0038258966524153948,0.16090533964276235
33,0.002197910100221634,HALLMARK_EPITHELIAL_MESENCHYMAL_TRANSITION,0.005243973340839148,HALLMARK_REACTIVE_OXYGEN_SPECIES_PATHWAY,0.00520220585167408,HALLMARK_ADIPOGENESIS,0.004286380019038916,0.1332252593358816
11,0.002169949235394597,HALLMARK_PROTEIN_SECRETION,-0.0057506621815264225,HALLMARK_PANCREAS_BETA_CELLS,-0.005165751092135906,HALLMARK_INTERFERON_ALPHA_RESPONSE,-0.004879665561020374,0.1760862610488066
42,0.002163732424378395,HALLMARK_ANGIOGENESIS,0.007568652275949717,HALLMARK_EPITHELIAL_MESENCHYMAL_TRANSITION,0.005636218003928661,HALLMARK_XENOBIOTIC_METABOLISM,0.004831656347960234,0.17307296315230042
6,0.0020223569590598345,HALLMARK_KRAS_SIGNALING_DN,-0.009180101566016674,HALLMARK_MYOGENESIS,-0.006565895397216082,HALLMARK_P53_PATHWAY,-0.006251725368201733,0.21103122454261153
38,0.0020215001422911882,HALLMARK_FATTY_ACID_METABOLISM,-0.006052461918443441,HALLMARK_MYC_TARGETS_V2,-0.004855041392147541,HALLMARK_MYC_TARGETS_V1,-0.004704978782683611,0.16268137048930809
5,0.0019895622972398996,HALLMARK_IL6_JAK_STAT3_SIGNALING,0.00626348564401269,HALLMARK_G2M_CHECKPOINT,0.005605625919997692,HALLMARK_APICAL_SURFACE,-0.0049162996001541615,0.1708798730855097
10,0.0018952060490846634,HALLMARK_MYOGENESIS,-0.007882356643676758,HALLMARK_IL6_JAK_STAT3_SIGNALING,0.0075156125240027905,HALLMARK_EPITHELIAL_MESENCHYMAL_TRANSITION,-0.005010936409235001,0.21950104656954658
22,0.001876975642517209,HALLMARK_REACTIVE_OXYGEN_SPECIES_PATHWAY,0.005102626048028469,HALLMARK_NOTCH_SIGNALING,0.004490500316023827,HALLMARK_HEME_METABOLISM,-0.00443840678781271,0.1518676478734454
31,0.0018076654523611069,HALLMARK_HEDGEHOG_SIGNALING,0.005640401970595121,HALLMARK_CHOLESTEROL_HOMEOSTASIS,0.004287309944629669,HALLMARK_TGF_BETA_SIGNALING,0.003445854876190424,0.18386030860399705
21,0.0017352981958538294,HALLMARK_ANGIOGENESIS,0.005193824414163828,HALLMARK_MYC_TARGETS_V1,0.004548110533505678,HALLMARK_TGF_BETA_SIGNALING,-0.004294023383408785,0.14736257623696244
18,0.0016134616453200579,HALLMARK_G2M_CHECKPOINT,0.007185415364801884,HALLMARK_E2F_TARGETS,0.006232783198356628,HALLMARK_MITOTIC_SPINDLE,0.0058288732543587685,0.19291353662869853
2,0.0016107752453535795,HALLMARK_TNFA_SIGNALING_VIA_NFKB,0.004265057388693094,HALLMARK_ESTROGEN_RESPONSE_LATE,0.004020617343485355,HALLMARK_WNT_BETA_CATENIN_SIGNALING,-0.003434618702158332,0.15539302273885747
39,0.0015831023920327425,HALLMARK_PANCREAS_BETA_CELLS,-0.011479532346129417,HALLMARK_MYC_TARGETS_V1,-0.006918636150658131,HALLMARK_ANGIOGENESIS,-0.006574471481144428,0.20607588970159207
27,0.0015373837668448687,HALLMARK_HEME_METABOLISM,-0.005418840795755386,HALLMARK_MYOGENESIS,-0.005104378331452608,HALLMARK_INTERFERON_ALPHA_RESPONSE,0.004785752389580011,0.18266625264237452
23,0.0013994330074638128,HALLMARK_ANGIOGENESIS,-0.00798007845878601,HALLMARK_COAGULATION,-0.004965159110724926,HALLMARK_NOTCH_SIGNALING,-0.004670841619372368,0.1745521840873351
26,0.0013869843678548932,HALLMARK_HEME_METABOLISM,-0.008043086156249046,HALLMARK_MYC_TARGETS_V1,-0.0047541125677526,HALLMARK_APICAL_JUNCTION,-0.003887033089995384,0.1934399048018453
36,0.0013698944821953773,HALLMARK_HEME_METABOLISM,0.005873911548405886,HALLMARK_MITOTIC_SPINDLE,0.0035863725934177637,HALLMARK_IL6_JAK_STAT3_SIGNALING,0.003546209540218115,0.15172130345080717
34,0.001363263581879437,HALLMARK_HEDGEHOG_SIGNALING,0.008844468742609024,HALLMARK_PANCREAS_BETA_CELLS,-0.006100607570260763,HALLMARK_NOTCH_SIGNALING,-0.004832706414163113,0.19658145097190557
49,0.00130643870215863,HALLMARK_CHOLESTEROL_HOMEOSTASIS,0.0050915079191327095,HALLMARK_GLYCOLYSIS,0.004051973111927509,HALLMARK_UNFOLDED_PROTEIN_RESPONSE,0.0036207730881869793,0.14654107014928777
13,0.0012537708971649408,HALLMARK_MYOGENESIS,-0.006271704565733671,HALLMARK_HEME_METABOLISM,0.005424883216619492,HALLMARK_MYC_TARGETS_V1,0.0035381049383431673,0.18428148983421663
17,0.0012514772824943066,HALLMARK_IL6_JAK_STAT3_SIGNALING,-0.006380375940352678,HALLMARK_MYOGENESIS,0.005554589442908764,HALLMARK_KRAS_SIGNALING_DN,0.004421273712068796,0.15765526537795146
