pc,eig_real,perm_p50,perm_p99,above_p99
1,3542.8142,22.444464683532715,22.552088298797607,True
2,2301.602,22.330756187438965,22.43136697769165,True
3,1076.8032,22.20628547668457,22.350913696289062,True
4,653.2968,22.138371467590332,22.210741577148436,True
5,342.07846,22.06291103363037,22.129219493865968,True
6,244.06544,22.004915237426758,22.070511932373048,True
7,188.63177,21.930278778076172,21.98263618469238,True
8,159.64748,21.893046379089355,21.930494289398194,True
9,131.68002,21.82628631591797,21.90079444885254,True
10,120.353294,21.773147583007812,21.81612714767456,True
11,105.09582,21.701995849609375,21.752311267852782,True
12,87.38164,21.66243076324463,21.72228286743164,True
13,80.2272,21.61392879486084,21.669442100524904,True
14,69.13236,21.564806938171387,21.593769969940187,True
15,65.181755,21.522624969482422,21.563090801239014,True
16,58.31854,21.465754508972168,21.52513732910156,True
17,54.042286,21.42587184906006,21.461402072906495,True
18,47.93634,21.37498664855957,21.41923791885376,True
19,45.80912,21.32939052581787,21.382836627960206,True
20,44.86845,21.287734031677246,21.342452507019043,True
21,40.848522,21.23489761352539,21.304132537841795,True
22,38.93068,21.201802253723145,21.24344882965088,True
23,37.09419,21.1585054397583,21.203248176574707,True
24,33.626564,21.112772941589355,21.14392723083496,True
25,31.594646,21.075749397277832,21.10811929702759,True
26,30.929337,21.0226993560791,21.068290462493895,True
27,28.038307,20.98703956604004,21.03169137954712,True
28,27.636656,20.94351577758789,20.99554708480835,True
29,25.737125,20.909287452697754,20.96710620880127,True
30,24.917158,20.878259658813477,20.91799129486084,True
31,23.594769,20.84263038635254,20.869727725982667,True
32,22.845654,20.792906761169434,20.84495121002197,True
33,21.266857,20.764290809631348,20.79268882751465,True
34,20.27249,20.715737342834473,20.770392894744873,False
35,19.539946,20.67891788482666,20.720767097473143,False
36,19.476427,20.643505096435547,20.69446744918823,False
37,17.653614,20.616374969482422,20.659107513427735,False
38,17.223265,20.575082778930664,20.635579471588134,False
39,16.133396,20.54931354522705,20.604064865112306,False
40,15.831142,20.514103889465332,20.558448848724364,False
41,15.608367,20.476357460021973,20.513210258483888,False
42,15.095413,20.44398307800293,20.48727155685425,False
43,14.425249,20.416095733642578,20.43417333602905,False
44,13.955685,20.375678062438965,20.408619270324706,False
45,13.887458,20.34183406829834,20.37542657852173,False
46,13.150787,20.304758071899414,20.32949125289917,False
47,12.995532,20.2728853225708,20.306399459838868,False
48,12.644887,20.23808479309082,20.285666751861573,False
49,12.0315,20.20821475982666,20.251463680267335,False
50,11.658473,20.167837142944336,20.205116024017332,False
51,11.125808,20.14335536956787,20.189857177734375,False
52,11.066665,20.120580673217773,20.149726963043214,False
53,10.826103,20.090139389038086,20.109174156188963,False
54,10.252125,20.053787231445312,20.08630163192749,False
55,9.9147625,20.014434814453125,20.037044525146484,False
56,9.859938,19.988083839416504,20.014462299346924,False
57,9.620327,19.954005241394043,19.973176307678223,False
58,9.239443,19.924254417419434,19.948282928466796,False
59,9.015124,19.88849925994873,19.920193824768067,False
60,8.855045,19.85295295715332,19.88607301712036,False
61,8.764401,19.82190227508545,19.853316497802734,False
62,8.575632,19.7873592376709,19.83163791656494,False
63,8.329026,19.75639820098877,19.786882591247558,False
64,8.172324,19.722185134887695,19.766825103759764,False
65,7.955144,19.699971199035645,19.740675354003905,False
66,7.7609506,19.67237663269043,19.714383945465087,False
67,7.3965263,19.640631675720215,19.68682668685913,False
68,7.3397894,19.606903076171875,19.64606657028198,False
69,7.307294,19.580660820007324,19.61711114883423,False
70,7.1332107,19.554112434387207,19.593278408050537,False
71,6.975594,19.513879776000977,19.58208242416382,False
72,6.7900915,19.497355461120605,19.536432132720947,False
73,6.6582785,19.471970558166504,19.50457971572876,False
74,6.4573517,19.443493843078613,19.47628273010254,False
75,6.2723184,19.41096782684326,19.44508228302002,False
76,6.2257423,19.381765365600586,19.42379123687744,False
77,6.190487,19.350531578063965,19.393365383148193,False
78,6.0938077,19.323445320129395,19.357432231903076,False
79,6.0341315,19.30029582977295,19.32853769302368,False
80,5.9749346,19.272645950317383,19.29361015319824,False
81,5.7825055,19.249723434448242,19.269151344299317,False
82,5.5582223,19.2220458984375,19.258392639160157,False
83,5.5460243,19.18570327758789,19.231332359313964,False
84,5.420456,19.167527198791504,19.192917041778564,False
85,5.3988996,19.137547492980957,19.170402393341064,False
86,5.3252487,19.10995101928711,19.136755962371826,False
87,5.2878294,19.088675498962402,19.10963722229004,False
88,5.21505,19.0587739944458,19.098032703399657,False
89,5.1629715,19.02803611755371,19.05776180267334,False
90,5.075212,18.99974536895752,19.032959899902345,False
91,4.9838815,18.9744930267334,18.9994429397583,False
92,4.930006,18.949188232421875,18.979827556610108,False
93,4.8490233,18.924283981323242,18.9446022605896,False
94,4.789621,18.8858585357666,18.924953804016113,False
95,4.7437024,18.86730194091797,18.905993728637696,False
96,4.6848965,18.841327667236328,18.876010036468507,False
97,4.642235,18.814105987548828,18.854699783325195,False
98,4.573982,18.795690536499023,18.83493824005127,False
99,4.513165,18.775190353393555,18.802391281127928,False
100,4.387359,18.742419242858887,18.78510103225708,False
101,4.3412156,18.713926315307617,18.750205688476562,False
102,4.2628236,18.68470859527588,18.710508117675783,False
103,4.2522492,18.666913986206055,18.688776817321777,False
104,4.2238,18.636472702026367,18.663613452911378,False
105,4.149516,18.613381385803223,18.63536931991577,False
106,4.1288757,18.589458465576172,18.615944061279297,False
107,4.0773377,18.561606407165527,18.58713094711304,False
108,4.027743,18.530526161193848,18.57124080657959,False
109,3.9932015,18.498056411743164,18.549133834838866,False
110,3.9722927,18.473024368286133,18.51856267929077,False
111,3.933642,18.445101737976074,18.48958564758301,False
112,3.8855717,18.41987705230713,18.465869541168214,False
113,3.8214471,18.395511627197266,18.434916973114014,False
114,3.8016658,18.372743606567383,18.405092735290527,False
115,3.7548838,18.34119701385498,18.389447612762453,False
116,3.7295094,18.319220542907715,18.35408317565918,False
117,3.6397464,18.293476104736328,18.327828578948974,False
118,3.631709,18.26857280731201,18.319822902679444,False
119,3.5806794,18.242440223693848,18.27322620391846,False
120,3.5436108,18.21974754333496,18.257479496002198,False
121,3.5238519,18.200940132141113,18.24592712402344,False
122,3.5130417,18.171630859375,18.205723686218263,False
123,3.4915252,18.148147583007812,18.17789270401001,False
124,3.4464114,18.121089935302734,18.16111640930176,False
125,3.419612,18.102883338928223,18.138566646575928,False
126,3.3913946,18.07742404937744,18.09757501602173,False
127,3.3768501,18.05147075653076,18.09231197357178,False
128,3.372976,18.02933406829834,18.049984912872315,False
129,3.3221054,18.002744674682617,18.02647527694702,False
130,3.2861347,17.972454071044922,18.003227729797363,False
131,3.2686043,17.951221466064453,17.98678234100342,False
132,3.259593,17.928983688354492,17.96665126800537,False
133,3.2261086,17.895832061767578,17.939130840301512,False
134,3.2152135,17.874202728271484,17.921141033172606,False
135,3.2095275,17.853355407714844,17.89795331954956,False
136,3.189481,17.82665252685547,17.871052818298338,False
137,3.167189,17.796374320983887,17.840931816101076,False
138,3.1301665,17.766645431518555,17.80440929412842,False
139,3.1058502,17.74725914001465,17.791436862945556,False
140,3.0851145,17.722111701965332,17.76596145629883,False
141,3.0568516,17.69807720184326,17.73830728530884,False
142,3.0488372,17.67238140106201,17.702953262329103,False
143,3.0337963,17.652932167053223,17.680656967163085,False
144,3.0241182,17.62957191467285,17.658377628326416,False
145,2.9842143,17.60292911529541,17.640763492584227,False
146,2.953588,17.573652267456055,17.60563407897949,False
147,2.949277,17.545754432678223,17.59199962615967,False
148,2.9338229,17.52635955810547,17.56983190536499,False
149,2.9272516,17.50169849395752,17.525405864715577,False
150,2.9087677,17.484501838684082,17.508058643341066,False
151,2.904192,17.458229064941406,17.497653121948243,False
152,2.8887606,17.435452461242676,17.47191463470459,False
153,2.8672655,17.416061401367188,17.456621170043945,False
154,2.846184,17.3913516998291,17.425172595977784,False
155,2.8458912,17.365239143371582,17.38878959655762,False
156,2.7994936,17.34153461456299,17.379108428955078,False
157,2.7830126,17.311769485473633,17.345063247680663,False
158,2.7735498,17.292675971984863,17.309604682922362,False
159,2.759838,17.262956619262695,17.28564311981201,False
160,2.7508068,17.236577033996582,17.27099126815796,False
161,2.731573,17.222557067871094,17.25669858932495,False
162,2.7126522,17.199995040893555,17.224183597564696,False
163,2.7029998,17.175135612487793,17.19332763671875,False
164,2.6683347,17.14707851409912,17.171310138702392,False
165,2.6659586,17.126949310302734,17.140411949157716,False
166,2.6550198,17.10318088531494,17.116409854888914,False
167,2.6420248,17.079766273498535,17.09456247329712,False
168,2.6207967,17.05408477783203,17.077183475494383,False
169,2.6118183,17.031991004943848,17.05253646850586,False
170,2.592665,17.00759792327881,17.03797773361206,False
171,2.581603,16.982147216796875,17.01389612197876,False
172,2.5625253,16.965298652648926,16.98664571762085,False
173,2.557416,16.945209503173828,16.96881757736206,False
174,2.5492725,16.913527488708496,16.945556297302247,False
175,2.5413458,16.89064121246338,16.921390419006347,False
176,2.5246878,16.871567726135254,16.890443172454834,False
177,2.5156136,16.845643997192383,16.863642826080323,False
178,2.4952815,16.81911277770996,16.84566354751587,False
179,2.4908423,16.799951553344727,16.828083324432374,False
180,2.4781902,16.779062271118164,16.798429641723633,False
181,2.4762075,16.75162410736084,16.78425395965576,False
182,2.4492972,16.71638011932373,16.743510608673095,False
183,2.444523,16.698967933654785,16.72501136779785,False
184,2.4285412,16.677860260009766,16.700371074676514,False
185,2.4266675,16.656513214111328,16.69213665008545,False
186,2.4022915,16.62910556793213,16.67214277267456,False
187,2.3973286,16.60781955718994,16.63449228286743,False
188,2.3896575,16.58211898803711,16.611973037719725,False
189,2.3707707,16.55718994140625,16.576840438842773,False
190,2.3596585,16.530803680419922,16.56063621520996,False
191,2.3563967,16.5165433883667,16.5380788230896,False
192,2.3449852,16.48787212371826,16.526013717651367,False
193,2.334204,16.466442108154297,16.510342140197753,False
194,2.329968,16.442855834960938,16.46901615142822,False
195,2.3213296,16.414694786071777,16.442644596099854,False
196,2.310884,16.394323348999023,16.41451343536377,False
197,2.2955952,16.36464023590088,16.400995674133302,False
198,2.2728446,16.342862129211426,16.389057807922363,False
199,2.2667186,16.32014751434326,16.360350093841554,False
200,2.2595062,16.29754066467285,16.322556495666504,False
201,2.2514586,16.279719352722168,16.30526113510132,False
202,2.2445202,16.252436637878418,16.277294578552247,False
203,2.2267349,16.229711532592773,16.251557521820068,False
204,2.2191741,16.20933437347412,16.2463759803772,False
205,2.203993,16.181318283081055,16.218825225830077,False
206,2.1974976,16.158254623413086,16.180343055725096,False
207,2.1821837,16.13329792022705,16.154380798339844,False
208,2.179668,16.105162620544434,16.141638526916505,False
209,2.1655672,16.085457801818848,16.109931602478028,False
210,2.151439,16.065950393676758,16.077869148254393,False
211,2.1394885,16.037700653076172,16.064174423217775,False
212,2.13528,16.010892868041992,16.037661209106446,False
213,2.1286707,15.99277114868164,16.026482753753662,False
214,2.1219678,15.969390392303467,16.00621015548706,False
215,2.118621,15.941637516021729,15.965399913787842,False
216,2.1057281,15.921817302703857,15.959208726882935,False
217,2.0946162,15.888553619384766,15.923781576156616,False
218,2.086353,15.866893768310547,15.888629560470582,False
219,2.0777597,15.852718830108643,15.867289142608643,False
220,2.0712504,15.826088428497314,15.854761829376221,False
221,2.06432,15.802500247955322,15.838588056564332,False
222,2.0480356,15.780693531036377,15.815136661529541,False
223,2.0451772,15.758655071258545,15.798107089996337,False
224,2.034456,15.731207847595215,15.759382619857789,False
225,2.0282674,15.712149143218994,15.730099897384644,False
226,2.018063,15.691210746765137,15.715767393112182,False
227,2.0130274,15.663403511047363,15.694078617095947,False
228,2.0025532,15.640959739685059,15.666383104324341,False
229,1.9998109,15.612290859222412,15.650002479553223,False
230,1.9906518,15.593023300170898,15.625342445373535,False
231,1.9792155,15.566078662872314,15.59271110534668,False
232,1.9776667,15.540912628173828,15.573000955581666,False
233,1.9713455,15.516510963439941,15.542985210418701,False
234,1.960437,15.487513065338135,15.523554096221924,False
235,1.9561679,15.467226505279541,15.49481749534607,False
236,1.94932,15.44634199142456,15.469613513946534,False
237,1.9483094,15.416316509246826,15.436480140686035,False
238,1.9268744,15.392267227172852,15.416083402633667,False
239,1.9155753,15.367623329162598,15.3972483253479,False
240,1.9071815,15.351433277130127,15.37760464668274,False
241,1.9048165,15.322465896606445,15.355899639129639,False
242,1.9008617,15.298137187957764,15.328423690795898,False
243,1.8926293,15.273252964019775,15.294252033233642,False
244,1.8864619,15.246370792388916,15.283939790725707,False
245,1.8858864,15.222490787506104,15.251513032913207,False
246,1.8753263,15.196360111236572,15.223707237243651,False
247,1.8611801,15.176326751708984,15.202269096374511,False
248,1.8580525,15.150383472442627,15.185247116088867,False
249,1.8556097,15.122036457061768,15.153655061721802,False
250,1.8437276,15.094000816345215,15.124330282211304,False
251,1.8367776,15.071935653686523,15.106224374771118,False
252,1.8290752,15.045251369476318,15.076167421340942,False
253,1.82442,15.019522190093994,15.042531576156616,False
254,1.8185707,15.00154161453247,15.021861886978149,False
255,1.7990965,14.96934175491333,14.990186185836793,False
256,1.7931733,14.944774150848389,14.976664838790894,False
257,1.788782,14.914398193359375,14.943456106185913,False
258,1.7796115,14.886018753051758,14.912374572753906,False
259,1.7724956,14.861068725585938,14.88462986946106,False
260,1.7656398,14.837408542633057,14.875024242401123,False
261,1.7588798,14.804830074310303,14.841495141983032,False
262,1.7548987,14.783440113067627,14.808806657791138,False
263,1.7389032,14.758331298828125,14.791145296096802,False
264,1.7354058,14.7246413230896,14.760712299346924,False
265,1.726615,14.701633930206299,14.729682712554931,False
266,1.7250762,14.678464412689209,14.703568639755249,False
267,1.7210138,14.647645950317383,14.688583765029907,False
268,1.7158065,14.623425960540771,14.670594654083251,False
269,1.7045527,14.605217456817627,14.634801054000855,False
270,1.6941122,14.574624061584473,14.610423879623413,False
271,1.6876985,14.546058654785156,14.580278682708741,False
272,1.6765912,14.519909381866455,14.546778163909913,False
273,1.6748024,14.491644859313965,14.52308650970459,False
274,1.6619393,14.467821598052979,14.501689958572388,False
275,1.6580129,14.440031051635742,14.471715469360351,False
276,1.6529826,14.41142225265503,14.450189580917359,False
277,1.6444279,14.379448413848877,14.420083322525024,False
278,1.6382315,14.354063987731934,14.392853670120239,False
279,1.6313648,14.329667091369629,14.361561689376831,False
280,1.6258286,14.306232452392578,14.333663148880005,False
281,1.6191676,14.267961978912354,14.296639184951783,False
282,1.6128038,14.23778486251831,14.274226446151733,False
283,1.610457,14.209892272949219,14.249772577285766,False
284,1.596571,14.173864364624023,14.207276992797851,False
285,1.5922375,14.137311458587646,14.177874765396119,False
286,1.5816381,14.112391471862793,14.148344736099244,False
287,1.5713489,14.082103252410889,14.123644456863403,False
288,1.5687045,14.05158519744873,14.10160774230957,False
289,1.5588759,14.029634475708008,14.083629760742188,False
290,1.5498728,13.995121002197266,14.064131183624268,False
291,1.5397449,13.967177391052246,14.004670076370239,False
292,1.525999,13.931333065032959,13.988272180557251,False
293,1.5214288,13.894482135772705,13.935180940628051,False
294,1.5157982,13.857830047607422,13.891111783981323,False
295,1.5041577,13.826138973236084,13.8583536529541,False
296,1.4987797,13.787990093231201,13.840286855697633,False
297,1.4944493,13.754512310028076,13.804573068618774,False
298,1.490737,13.722926139831543,13.770886545181275,False
299,1.4704509,13.691986083984375,13.747214870452881,False
300,1.4576888,13.645421981811523,13.688525733947754,False
